ID_Empleado,Fecha,Estado,Horas_Trabajadas
1802,2024-10-27,ausente,3.06
1522,2025-01-19,Vacaciones,11.6
1120,2025-04-24,ausente,4.81
1297,2025-01-01,presente,7.39
1141,2026-01-18,ausente,2.16
1616,2025-03-20,Tarde,8.98
1098,2026-05-18,Tarde,1.92
1623,2024-09-03,vacaciones ,11.16
1446,2025-02-24,Ausente,0.48
1144,2025-06-16,ausente,2.68
1601,2026-04-28,presente,4.29
1830,2026-02-26,Ausente,8.09
1375,2024-09-05,Ausente,10.83
1107,2025-06-02,Vacaciones,7.53
1381,2024-06-19,ausente,9.67
1046,2025-02-14,Vacaciones,4.09
1517,2025-07-10,Tarde,-1.96
1591,2025-10-12,Tarde,-0.23
1890,2025-01-21,Vacaciones,4.96
1000,2025-11-22,Presente,11.13
1050,2026-03-29,presente,6.85
1224,2026-04-06,Vacaciones,3.74
1054,2025-08-15,ausente,0.4
1847,2025-08-16,Tarde,1.9
1885,2025-06-11,ausente,11.89
1515,2025-06-28,Tarde,10.87
1625,2025-10-16,Vacaciones,10.42
1806,2025-04-07,Ausente,-1.93
1091,2025-10-24,ausente,5.28
1836,2026-06-19,Tarde,0.25
1268,2026-06-04,ausente,1.37
1139,2026-06-05,vacaciones ,-0.99
1555,2025-12-19,Vacaciones,-1.91
1067,2025-04-16,Presente,9.01
1575,2024-08-26,Presente,-0.72
1588,2024-11-04,Vacaciones,11.65
1625,2025-06-22,Tarde,9.81
1826,2026-05-13,presente,11.73
1672,2025-12-28,presente,2.41
1437,2025-08-08,presente,8.47
1044,2026-02-22,Vacaciones,1.18
1836,2024-10-29,ausente,-1.25
1583,2024-10-02,Tarde,0.79
1033,2026-02-08,ausente,-1.01
1440,2025-07-09,Vacaciones,7.53
1004,2024-07-29,ausente,1.59
1717,2024-12-27,presente,10.28
1587,2025-12-26,Ausente,5.86
1335,2024-07-20,Ausente,1.18
1661,2025-04-16,Tarde,9.16
1534,2024-11-08,ausente,3.78
1568,2024-12-13,TARDE,10.11
1422,2025-12-16,Vacaciones,-0.16
1263,2025-07-21,Ausente,11.39
1784,2025-03-24,presente,3.79
1750,2025-10-29,presente,11.43
1812,2025-05-11,Tarde,11.68
1207,2026-01-16,Ausente,9.35
1084,2024-12-08,TARDE,10.62
1742,2025-06-02,presente,-1.5
1340,2025-04-26,Presente,0.15
1793,2026-05-24,vacaciones ,1.1
1187,2025-07-08,presente,4.56
1303,2024-06-22,TARDE,11.59
1802,2026-03-25,Vacaciones,4.13
1536,2025-06-25,TARDE,2.72
1155,2026-02-19,vacaciones ,5.42
1415,2026-05-20,Ausente,11.71
1445,2024-07-07,Presente,8.43
1458,2025-05-13,TARDE,6.24
1224,2026-04-03,Ausente,10.47
1554,2025-10-10,TARDE,5.66
1181,2024-10-19,Vacaciones,9.2
1391,2026-03-29,Ausente,3.68
1141,2026-05-04,Presente,2.63
1054,2024-10-28,ausente,9.43
1283,2025-07-18,Presente,3.51
1459,2025-10-06,Vacaciones,2.93
1372,2026-04-23,vacaciones ,0.23
1578,2026-04-16,Tarde,8.21
1009,2026-04-30,Presente,5.57
1341,2026-02-22,Vacaciones,-0.5
1505,2025-05-19,Ausente,8.23
1682,2024-12-31,presente,10.45
1102,2025-12-15,presente,11.95
1473,2024-07-31,vacaciones ,-0.67
1703,2026-06-05,Presente,-0.01
1824,2026-01-13,Ausente,7.86
1455,2025-08-04,vacaciones ,-1.24
1719,2026-04-01,Tarde,0.35
1024,2024-09-15,vacaciones ,8.04
1379,2024-11-24,TARDE,2.41
1274,2024-08-10,presente,7.56
1000,2026-04-02,presente,7.34
1186,2026-03-24,ausente,10.62
1803,2025-06-14,Vacaciones,10.21
1060,2025-12-20,Presente,0.21
1427,2024-11-21,Presente,-0.89
1113,2025-10-27,Vacaciones,1.0
1736,2026-03-01,Tarde,10.69
1355,2024-09-29,Ausente,4.16
1632,2025-03-03,Vacaciones,-1.55
1289,2026-02-18,Presente,11.38
1504,2025-06-22,presente,8.71
1721,2026-01-11,TARDE,9.82
1474,2024-10-09,Presente,11.03
1725,2026-02-19,Vacaciones,7.01
1236,2026-02-08,presente,-1.33
1402,2025-09-05,Ausente,11.4
1636,2025-07-11,TARDE,11.58
1791,2024-09-01,Presente,0.85
1592,2026-03-25,presente,-1.96
1356,2025-12-22,Tarde,11.13
1899,2026-01-07,TARDE,4.0
1518,2025-07-11,Ausente,-1.1
1555,2025-05-16,Ausente,6.78
1096,2025-07-26,TARDE,11.87
1344,2025-07-16,Tarde,11.44
1367,2025-06-19,Vacaciones,8.64
1249,2025-03-07,Vacaciones,7.6
1348,2025-10-19,Tarde,-1.36
1397,2026-03-22,presente,-1.53
1417,2024-08-10,ausente,5.97
1591,2025-11-12,Presente,7.02
1407,2025-06-29,vacaciones ,11.2
1844,2024-08-06,Presente,-0.97
1396,2025-05-30,ausente,4.69
1045,2024-08-26,TARDE,11.95
1512,2026-03-22,Ausente,7.72
1128,2025-12-18,TARDE,7.27
1583,2025-07-05,Ausente,2.29
1715,2026-05-08,Vacaciones,10.07
1021,2024-06-28,Presente,3.5
1469,2024-11-20,vacaciones ,8.62
1866,2024-09-25,Tarde,2.68
1008,2026-02-16,TARDE,0.25
1356,2026-03-25,Presente,-0.98
1217,2026-03-12,vacaciones ,2.38
1133,2025-09-22,vacaciones ,0.57
1108,2025-10-08,ausente,5.52
1188,2024-06-27,Presente,6.79
1677,2025-09-05,Tarde,1.06
1226,2026-05-29,Ausente,2.63
1097,2025-10-18,presente,-1.79
1806,2025-08-03,Presente,6.0
1658,2024-10-16,vacaciones ,9.75
1047,2025-11-23,Vacaciones,1.42
1652,2026-05-22,vacaciones ,5.15
1248,2024-10-13,Presente,0.12
1119,2025-05-02,presente,3.38
1454,2026-03-29,TARDE,9.12
1631,2026-04-27,Presente,1.94
1694,2024-12-02,Vacaciones,11.41
1467,2025-06-13,Vacaciones,8.56
1576,2025-05-02,ausente,2.53
1579,2025-07-25,Tarde,-0.77
1607,2024-07-19,vacaciones ,2.36
1404,2025-01-09,Presente,1.23
1863,2024-10-21,TARDE,3.87
1823,2024-06-21,Tarde,9.16
1710,2025-01-24,Tarde,4.41
1362,2025-07-17,Tarde,-0.91
1473,2025-11-10,ausente,10.46
1711,2024-11-12,Tarde,-1.98
1455,2024-09-08,presente,-0.73
1352,2025-05-18,Tarde,1.16
1769,2025-01-24,Presente,0.53
1441,2025-06-12,Tarde,-0.61
1814,2024-07-02,Tarde,-1.05
1537,2026-04-06,presente,5.31
1500,2024-08-13,Presente,7.61
1579,2026-01-04,presente,4.07
1791,2025-06-19,presente,5.04
1216,2025-03-05,Vacaciones,2.65
1563,2025-02-14,presente,8.22
1320,2025-09-03,ausente,7.66
1481,2025-09-21,Tarde,7.86
1096,2024-08-26,vacaciones ,5.78
1045,2026-01-22,Presente,8.51
1791,2026-01-22,Vacaciones,10.84
1490,2025-08-17,TARDE,-1.06
1384,2024-10-25,Tarde,5.12
1595,2024-10-26,ausente,10.59
1822,2026-06-17,Ausente,2.64
1318,2024-09-12,Presente,7.2
1526,2024-10-18,Tarde,0.35
1772,2025-05-12,ausente,0.28
1055,2025-12-07,Tarde,5.72
1629,2026-04-03,Ausente,5.51
1640,2024-08-24,TARDE,-0.11
1159,2025-08-04,Presente,1.53
1284,2025-11-13,Ausente,4.82
1285,2024-06-28,TARDE,8.24
1767,2025-08-08,presente,-1.08
1368,2026-01-26,TARDE,7.82
1689,2025-08-05,Tarde,8.3
1752,2025-09-24,Presente,-0.21
1649,2025-12-19,TARDE,11.7
1283,2024-12-03,Tarde,1.07
1134,2024-09-19,Tarde,8.04
1509,2025-07-31,Vacaciones,9.91
1130,2025-01-04,presente,1.41
1735,2026-03-10,TARDE,-1.42
1795,2024-11-03,Tarde,5.05
1427,2025-01-04,Vacaciones,10.41
1416,2025-11-30,Ausente,3.54
1002,2024-12-26,Presente,2.82
1812,2026-06-14,TARDE,11.09
1450,2024-09-10,ausente,4.43
1407,2024-11-25,presente,6.56
1229,2024-10-29,Tarde,8.75
1700,2025-11-15,Presente,7.12
1612,2026-01-12,presente,3.82
1832,2024-06-21,presente,4.58
1387,2024-07-02,Presente,10.05
1162,2025-04-08,TARDE,-0.33
1804,2025-04-28,Presente,1.69
1862,2026-03-05,Ausente,-1.06
1396,2025-08-16,vacaciones ,0.27
1581,2024-11-22,presente,9.22
1207,2026-04-03,presente,3.88
1014,2025-04-03,Presente,3.14
1570,2024-10-20,Vacaciones,11.56
1427,2025-02-20,vacaciones ,4.45
1771,2025-05-10,Presente,3.36
1717,2026-01-29,vacaciones ,11.02
1086,2024-09-10,vacaciones ,3.07
1061,2025-11-26,Ausente,6.14
1797,2024-11-02,Ausente,2.21
1037,2025-05-09,ausente,11.51
1400,2026-02-28,TARDE,7.59
1619,2025-09-29,TARDE,8.04
1581,2026-04-21,vacaciones ,2.81
1309,2025-07-05,vacaciones ,0.34
1194,2024-09-20,Tarde,9.85
1394,2026-02-27,Tarde,4.07
1854,2026-06-03,presente,-0.76
1150,2026-04-30,Ausente,1.03
1420,2025-12-24,Tarde,10.87
1756,2024-09-27,Vacaciones,11.17
1568,2026-02-26,Vacaciones,1.73
1154,2026-03-14,presente,7.51
1870,2026-02-17,Presente,5.47
1504,2026-05-01,presente,8.36
1417,2025-10-18,Tarde,6.95
1741,2025-10-10,Ausente,10.7
1728,2025-05-07,presente,7.21
1584,2025-06-25,vacaciones ,1.69
1205,2025-11-21,Vacaciones,9.27
1137,2026-06-03,Ausente,11.26
1191,2024-08-26,Vacaciones,7.33
1373,2025-01-29,TARDE,1.15
1266,2025-01-27,TARDE,11.29
1035,2025-12-16,TARDE,-0.91
1723,2026-06-10,Vacaciones,9.88
1541,2025-07-12,ausente,3.68
1382,2024-10-15,Ausente,3.18
1478,2025-12-08,vacaciones ,10.83
1577,2025-01-12,Ausente,4.99
1815,2024-11-11,ausente,3.62
1729,2026-03-07,Ausente,8.1
1650,2024-10-11,Vacaciones,11.26
1369,2025-01-21,TARDE,4.11
1577,2026-06-17,ausente,11.88
1277,2024-08-23,vacaciones ,3.41
1745,2025-01-10,vacaciones ,11.47
1065,2025-08-23,vacaciones ,0.92
1287,2025-09-08,Tarde,-0.89
1351,2026-05-17,Ausente,3.18
1548,2025-09-30,Presente,6.02
1858,2025-01-01,Ausente,5.11
1834,2025-09-13,Vacaciones,0.6
1408,2025-06-23,Tarde,2.52
1380,2024-10-18,vacaciones ,3.56
1864,2024-10-25,ausente,0.54
1873,2025-11-13,TARDE,-1.81
1890,2025-11-06,Ausente,-0.09
1376,2024-06-27,presente,1.72
1394,2026-05-13,presente,11.06
1292,2024-07-26,Presente,11.97
1271,2024-08-09,TARDE,1.47
1161,2025-01-07,vacaciones ,9.43
1308,2025-12-18,Vacaciones,10.41
1218,2025-08-02,Presente,4.34
1422,2026-01-20,TARDE,7.21
1468,2024-10-07,TARDE,-0.54
1697,2024-07-09,Presente,-1.58
1661,2025-01-26,presente,4.94
1543,2024-08-16,Vacaciones,10.88
1145,2024-10-18,presente,-0.89
1747,2024-12-31,ausente,-0.71
1570,2025-07-01,Ausente,2.46
1214,2024-10-16,Vacaciones,9.42
1673,2025-05-13,Ausente,8.35
1180,2026-01-26,vacaciones ,10.45
1517,2026-03-24,ausente,1.64
1864,2025-09-24,ausente,-1.32
1509,2025-02-19,TARDE,7.0
1167,2026-05-12,Presente,7.68
1420,2025-06-16,Vacaciones,10.25
1840,2025-08-05,Tarde,1.12
1455,2025-04-04,ausente,4.34
1591,2026-02-01,vacaciones ,3.6
1331,2025-10-14,vacaciones ,0.64
1479,2026-02-26,Presente,-0.44
1063,2025-09-04,Presente,10.95
1644,2024-11-17,Vacaciones,9.41
1833,2024-11-22,ausente,11.05
1064,2025-11-14,Presente,10.99
1376,2026-01-04,Vacaciones,7.09
1674,2024-12-10,Presente,-1.49
1155,2025-04-25,ausente,9.99
1182,2026-03-07,Tarde,-1.08
1190,2025-11-11,Vacaciones,4.48
1867,2024-07-01,TARDE,-0.32
1027,2025-01-26,Ausente,1.17
1587,2024-09-27,presente,8.77
1222,2025-11-20,vacaciones ,5.41
1642,2025-05-17,presente,4.92
1168,2025-03-07,Presente,0.78
1202,2025-03-31,vacaciones ,6.71
1359,2025-12-26,Tarde,5.25
1400,2025-03-19,Tarde,10.69
1027,2025-02-20,Tarde,6.06
1646,2025-12-22,ausente,8.98
1352,2025-03-31,Tarde,8.07
1630,2025-12-30,Vacaciones,9.58
1880,2024-10-07,TARDE,10.73
1151,2024-11-23,Tarde,0.11
1709,2024-10-04,ausente,1.18
1630,2025-09-15,TARDE,10.51
1617,2026-01-25,Tarde,-1.98
1372,2024-06-19,ausente,7.68
1848,2025-10-04,TARDE,8.95
1230,2024-09-14,Tarde,1.17
1437,2025-03-13,presente,5.1
1035,2026-01-21,ausente,3.56
1050,2025-10-12,ausente,-1.36
1191,2025-08-22,vacaciones ,6.5
1806,2025-05-10,presente,8.7
1826,2024-07-06,Tarde,9.62
1204,2026-06-01,vacaciones ,-1.46
1014,2024-11-15,ausente,-0.25
1405,2026-01-23,presente,2.96
1865,2025-07-16,TARDE,10.5
1571,2025-07-06,Tarde,7.89
1879,2024-09-18,ausente,7.33
1862,2024-10-06,vacaciones ,10.92
1780,2026-01-30,Ausente,5.48
1264,2024-12-08,vacaciones ,4.7
1332,2025-04-15,ausente,8.55
1134,2025-02-14,Tarde,0.94
1221,2026-06-12,Tarde,-0.02
1165,2024-10-30,Presente,6.89
1772,2026-02-04,Ausente,1.55
1157,2024-09-11,Vacaciones,5.84
1686,2025-01-26,Tarde,8.04
1680,2024-07-31,Tarde,0.5
1362,2025-02-23,vacaciones ,-1.2
1187,2025-08-04,Vacaciones,0.95
1671,2025-10-04,Presente,10.6
1248,2025-01-25,ausente,10.1
1250,2024-12-14,presente,9.97
1117,2024-12-17,Presente,1.8
1700,2025-03-25,ausente,1.86
1847,2024-06-26,TARDE,-1.91
1685,2025-09-26,Vacaciones,1.21
1572,2026-06-07,Ausente,8.81
1668,2025-08-07,Vacaciones,0.08
1675,2025-08-09,presente,1.08
1394,2025-09-09,Tarde,3.62
1058,2026-06-01,Ausente,7.3
1234,2025-07-18,ausente,7.2
1395,2024-12-24,presente,2.39
1283,2025-07-31,ausente,-1.37
1326,2024-12-31,Ausente,5.96
1818,2026-02-21,Tarde,11.11
1675,2024-12-01,presente,3.16
1438,2026-04-14,Ausente,-0.99
1579,2025-12-20,Vacaciones,2.62
1278,2025-01-18,Presente,5.97
1686,2025-01-28,presente,6.07
1384,2026-04-09,TARDE,6.27
1461,2025-02-03,ausente,3.01
1189,2024-07-22,Presente,4.68
1000,2024-09-27,Tarde,-1.75
1172,2024-10-25,vacaciones ,11.67
1682,2024-10-28,Presente,-1.0
1887,2025-03-15,ausente,-0.65
1746,2025-02-26,presente,0.1
1075,2025-06-07,TARDE,6.0
1769,2025-08-04,vacaciones ,10.68
1635,2026-02-11,vacaciones ,4.48
1580,2024-10-16,ausente,3.68
1579,2026-05-10,ausente,1.02
1168,2024-11-28,vacaciones ,4.87
1495,2025-01-25,TARDE,-0.88
1616,2025-10-17,Tarde,-0.15
1667,2025-04-13,vacaciones ,7.45
1028,2025-07-01,ausente,11.43
1712,2025-03-12,ausente,7.08
1430,2024-07-22,Vacaciones,1.32
1652,2026-02-13,TARDE,11.17
1701,2024-08-12,Ausente,0.84
1617,2025-12-13,presente,6.82
1391,2024-10-07,Vacaciones,2.32
1031,2024-07-20,Vacaciones,0.54
1127,2025-11-27,Tarde,-1.36
1123,2024-11-06,presente,2.93
1024,2025-04-16,Vacaciones,4.81
1387,2025-08-15,Ausente,11.9
1576,2024-09-09,ausente,9.19
1290,2026-05-03,ausente,-1.9
1051,2025-07-20,Presente,-0.04
1574,2024-12-06,ausente,3.54
1316,2026-03-19,vacaciones ,4.95
1304,2026-04-09,ausente,6.3
1316,2025-05-01,presente,3.88
1206,2026-01-29,vacaciones ,10.47
1436,2024-09-08,Presente,1.6
1338,2025-01-14,Presente,-1.68
1250,2025-06-23,Vacaciones,2.41
1225,2024-11-09,ausente,0.79
1602,2025-09-19,vacaciones ,11.65
1578,2024-09-07,vacaciones ,6.63
1475,2024-12-26,ausente,-0.89
1650,2025-12-30,Vacaciones,-0.08
1712,2025-06-11,vacaciones ,1.12
1210,2024-11-10,Presente,7.73
1607,2025-08-12,ausente,8.07
1183,2025-07-09,Vacaciones,2.9
1165,2026-02-03,Tarde,4.48
1690,2026-03-17,TARDE,3.97
1240,2025-02-04,presente,9.95
1628,2024-09-14,Ausente,10.83
1635,2024-07-23,Vacaciones,6.56
1357,2025-05-19,Ausente,3.8
1445,2025-01-13,TARDE,2.18
1338,2025-09-07,Ausente,10.25
1299,2026-03-23,TARDE,2.3
1263,2025-05-29,presente,9.08
1312,2024-08-09,presente,3.54
1617,2025-07-23,TARDE,8.54
1248,2025-03-12,Ausente,1.86
1461,2025-03-15,Ausente,1.17
1276,2026-02-03,vacaciones ,1.69
1538,2024-07-01,Tarde,0.05
1048,2025-04-29,Vacaciones,5.01
1131,2024-12-04,ausente,8.13
1223,2025-06-02,Ausente,-0.6
1161,2024-11-29,presente,11.54
1778,2025-11-01,ausente,-0.19
1707,2024-08-18,Tarde,-0.39
1490,2024-12-19,Presente,4.71
1308,2026-05-15,Vacaciones,0.7
1645,2025-01-01,vacaciones ,3.19
1483,2025-09-12,Tarde,10.03
1128,2024-07-13,Presente,1.42
1043,2024-11-29,Ausente,1.89
1443,2026-02-16,Ausente,3.34
1065,2025-09-14,Tarde,8.13
1228,2026-03-02,Presente,9.52
1144,2024-12-12,Vacaciones,-0.51
1797,2024-10-15,presente,0.86
1884,2025-04-25,ausente,2.67
1402,2025-10-24,Vacaciones,5.4
1609,2024-10-05,vacaciones ,0.66
1596,2024-06-23,Vacaciones,6.79
1859,2026-06-09,ausente,11.49
1568,2025-08-13,vacaciones ,11.59
1080,2025-05-04,TARDE,11.22
1267,2026-01-11,Vacaciones,5.74
1193,2025-12-04,Ausente,7.74
1406,2025-11-09,vacaciones ,1.1
1074,2026-03-15,TARDE,11.08
1563,2026-05-05,Vacaciones,-1.33
1209,2026-06-12,Ausente,10.46
1195,2025-04-28,vacaciones ,0.21
1686,2025-02-10,Tarde,-1.53
1254,2025-10-06,TARDE,2.34
1299,2025-02-24,Tarde,1.71
1212,2026-03-21,presente,-1.74
1237,2025-07-24,ausente,8.0
1425,2025-05-24,vacaciones ,8.94
1553,2025-02-08,Presente,-1.54
1810,2026-03-04,Vacaciones,7.95
1144,2024-11-16,Ausente,3.34
1596,2025-02-27,Presente,0.14
1824,2024-11-25,presente,7.05
1498,2025-08-15,ausente,10.45
1065,2024-12-17,ausente,1.69
1038,2025-04-12,Ausente,0.91
1326,2026-04-05,Presente,0.17
1549,2025-11-23,Vacaciones,11.26
1167,2025-09-18,Tarde,9.41
1624,2026-05-09,Ausente,3.91
1346,2026-02-07,Tarde,4.28
1344,2026-03-17,Tarde,0.79
1136,2024-08-16,Tarde,6.73
1239,2024-12-27,Presente,-0.09
1137,2024-10-03,Vacaciones,3.62
1110,2025-07-20,TARDE,0.86
1010,2026-04-21,TARDE,-1.69
1202,2025-02-12,Ausente,3.72
1451,2025-05-13,presente,8.28
1125,2024-07-27,vacaciones ,8.97
1373,2025-12-13,Presente,4.13
1437,2026-05-19,Tarde,8.86
1624,2025-03-03,Vacaciones,8.51
1322,2026-01-31,TARDE,10.58
1058,2025-10-15,Tarde,1.89
1379,2026-03-04,TARDE,-1.22
1177,2026-05-18,TARDE,8.29
1569,2025-01-23,Ausente,9.42
1174,2025-12-25,TARDE,-1.59
1277,2025-07-15,Tarde,-1.35
1553,2026-01-27,Ausente,4.42
1818,2025-03-28,Presente,-0.73
1734,2026-02-24,Tarde,11.41
1677,2026-01-31,Tarde,2.1
1382,2025-07-13,Presente,4.15
1899,2024-11-30,vacaciones ,10.83
1265,2025-12-06,ausente,8.22
1104,2026-03-01,ausente,6.99
1707,2024-10-02,ausente,2.5
1266,2025-03-03,vacaciones ,-0.52
1805,2026-06-04,Tarde,10.96
1051,2026-03-11,vacaciones ,3.04
1554,2026-06-04,TARDE,5.52
1451,2025-11-24,Tarde,9.04
1480,2026-01-26,Tarde,2.75
1893,2025-06-13,presente,0.52
1324,2025-11-01,Presente,9.24
1598,2025-07-21,Vacaciones,3.39
1776,2026-02-26,Ausente,7.98
1519,2025-12-30,Tarde,11.26
1497,2025-07-22,TARDE,6.78
1462,2026-06-05,presente,9.12
1102,2025-04-25,Tarde,-0.82
1048,2025-03-18,presente,5.43
1525,2026-02-14,Presente,1.3
1354,2026-04-29,vacaciones ,9.3
1760,2025-02-05,Presente,7.37
1075,2025-11-05,ausente,9.97
1883,2024-08-26,ausente,2.08
1036,2025-04-08,TARDE,6.38
1360,2025-07-03,presente,6.23
1634,2025-02-14,Ausente,7.72
1182,2024-10-13,Vacaciones,8.29
1782,2025-09-07,presente,4.92
1176,2026-06-19,Tarde,-0.01
1504,2025-03-28,vacaciones ,8.48
1255,2025-10-03,TARDE,5.81
1186,2025-10-19,Tarde,-1.7
1877,2025-08-09,Ausente,0.1
1115,2025-01-04,vacaciones ,0.47
1695,2024-09-11,Vacaciones,7.59
1266,2026-03-18,vacaciones ,9.9
1196,2026-05-13,TARDE,8.36
1001,2025-11-10,TARDE,0.83
1296,2024-07-24,Ausente,2.23
1898,2024-06-21,Presente,2.27
1860,2025-04-07,ausente,5.12
1594,2025-05-28,Vacaciones,-1.84
1475,2024-06-19,Presente,9.26
1010,2026-04-21,Vacaciones,6.59
1386,2024-10-31,Vacaciones,-1.0
1784,2025-02-04,Vacaciones,0.65
1698,2025-09-11,ausente,4.96
1638,2024-08-24,Tarde,3.56
1649,2026-06-17,TARDE,0.24
1898,2025-11-01,Vacaciones,3.8
1274,2025-09-28,Tarde,4.33
1509,2026-02-11,ausente,2.46
1174,2025-08-27,Tarde,10.77
1580,2025-04-20,Tarde,-1.75
1082,2024-10-10,vacaciones ,2.89
1085,2024-10-13,Tarde,9.33
1137,2025-12-04,Presente,7.16
1586,2026-04-23,Tarde,0.11
1292,2024-07-24,presente,-1.0
1885,2025-04-26,vacaciones ,1.06
1155,2025-05-22,Vacaciones,2.42
1680,2025-02-28,vacaciones ,1.26
1250,2025-12-22,ausente,7.36
1831,2024-12-30,Tarde,7.04
1176,2025-02-01,Ausente,7.3
1184,2024-06-30,Presente,4.04
1077,2024-10-18,Vacaciones,7.29
1638,2024-07-04,Presente,7.05
1564,2026-02-20,Vacaciones,-0.64
1209,2024-11-05,presente,1.12
1551,2025-03-08,Presente,-1.39
1587,2025-05-16,TARDE,7.86
1160,2025-11-22,presente,9.46
1085,2026-02-20,Tarde,9.91
1096,2025-08-25,Tarde,8.95
1381,2024-07-31,Ausente,5.16
1115,2025-08-16,Vacaciones,5.54
1890,2026-06-09,vacaciones ,5.61
1548,2025-08-05,ausente,11.88
1305,2025-03-10,Presente,-0.54
1596,2024-08-13,presente,5.43
1268,2025-06-08,Presente,3.45
1312,2026-02-02,Tarde,9.72
1689,2025-11-15,Presente,-1.4
1397,2024-09-19,Tarde,5.98
1514,2024-11-18,ausente,4.19
1537,2024-12-04,ausente,1.42
1321,2026-04-23,Vacaciones,8.86
1397,2025-04-03,vacaciones ,1.94
1891,2025-03-24,vacaciones ,8.49
1793,2024-08-08,presente,6.34
1741,2025-01-20,Tarde,1.05
1674,2026-04-14,Tarde,-0.43
1144,2025-06-11,vacaciones ,9.32
1183,2026-01-07,presente,0.71
1017,2025-10-20,Ausente,7.66
1046,2025-06-24,Ausente,0.28
1259,2025-07-04,TARDE,9.14
1115,2025-02-14,Ausente,8.26
1523,2026-03-25,presente,-0.74
1883,2025-08-05,ausente,0.15
1778,2026-04-04,vacaciones ,6.23
1608,2024-09-18,Ausente,6.06
1539,2025-06-27,presente,7.12
1526,2025-06-06,TARDE,-0.45
1562,2024-07-14,Presente,-1.2
1896,2026-05-11,vacaciones ,3.91
1021,2025-08-08,Tarde,7.89
1063,2025-12-08,Presente,2.87
1201,2024-12-12,Tarde,5.55
1198,2025-08-10,vacaciones ,0.64
1098,2025-11-21,Presente,2.5
1047,2025-09-21,Vacaciones,9.33
1276,2025-02-19,TARDE,10.41
1240,2024-10-26,Presente,11.09
1566,2025-12-20,Tarde,10.95
1862,2026-03-05,Tarde,7.24
1578,2024-08-19,Presente,-1.17
1407,2025-10-03,vacaciones ,0.3
1468,2025-07-12,vacaciones ,11.07
1878,2025-09-02,TARDE,0.48
1569,2024-07-23,TARDE,10.35
1513,2026-03-30,vacaciones ,7.42
1208,2025-06-09,TARDE,9.4
1417,2025-10-24,presente,5.08
1650,2025-01-21,presente,10.37
1555,2025-05-11,vacaciones ,0.48
1465,2025-10-15,presente,1.47
1565,2026-05-21,Ausente,11.51
1111,2024-09-23,Presente,11.62
1194,2026-02-18,Tarde,7.29
1810,2025-11-04,Tarde,0.82
1231,2024-09-01,Tarde,-0.61
1553,2026-05-15,TARDE,2.89
1191,2026-02-26,ausente,8.32
1745,2026-03-15,presente,5.4
1333,2024-09-11,Presente,3.68
1493,2025-09-26,ausente,3.4
1666,2024-07-22,Presente,3.91
1644,2026-03-03,Vacaciones,9.56
1171,2024-11-10,Presente,6.89
1551,2024-06-23,presente,9.99
1832,2024-11-17,Ausente,1.46
1076,2024-12-24,Tarde,4.54
1455,2026-05-29,vacaciones ,-0.37
1515,2025-07-19,presente,2.93
1607,2025-08-22,vacaciones ,6.11
1546,2025-08-27,TARDE,5.57
1306,2025-02-25,Vacaciones,7.25
1182,2025-01-26,Presente,11.87
1841,2024-10-24,Tarde,7.82
1385,2025-07-05,Vacaciones,7.74
1841,2025-10-17,vacaciones ,5.47
1782,2025-01-19,Tarde,6.56
1362,2025-09-25,presente,-0.06
1458,2025-09-27,TARDE,2.31
1519,2025-02-04,Tarde,2.81
1228,2024-11-12,Ausente,7.4
1643,2026-05-25,Presente,8.7
1755,2026-01-05,Ausente,10.41
1593,2024-09-01,Presente,4.23
1642,2024-12-14,ausente,-0.0
1632,2026-02-25,vacaciones ,3.92
1311,2025-09-04,presente,8.7
1587,2025-10-16,vacaciones ,4.78
1575,2024-09-18,Presente,5.75
1609,2026-06-12,ausente,2.3
1696,2025-12-23,ausente,1.57
1360,2025-06-02,Ausente,3.68
1077,2025-10-14,TARDE,9.24
1821,2025-05-20,Ausente,-0.42
1473,2025-10-13,TARDE,2.05
1469,2024-12-26,Vacaciones,0.89
1750,2026-06-01,presente,11.96
1299,2026-06-06,Presente,1.71
1323,2024-09-09,Presente,9.09
1170,2025-04-01,vacaciones ,10.26
1334,2025-09-13,Tarde,-0.34
1032,2026-06-13,Tarde,3.58
1469,2024-06-22,Presente,3.55
1296,2026-01-08,Presente,-1.75
1557,2024-07-22,Tarde,1.79
1853,2024-08-24,Ausente,3.02
1106,2025-02-26,TARDE,-1.99
1898,2024-09-25,TARDE,10.25
1823,2024-08-01,Presente,2.62
1312,2025-06-13,TARDE,6.66
1754,2024-09-01,ausente,1.67
1875,2025-02-11,presente,5.75
1425,2026-05-16,TARDE,-1.8
1457,2025-01-07,Vacaciones,10.81
1048,2025-02-02,Presente,0.98
1695,2025-01-07,Vacaciones,8.08
1778,2024-06-30,vacaciones ,-0.57
1890,2024-10-17,Vacaciones,7.03
1017,2024-12-07,Vacaciones,3.42
1099,2025-05-13,Ausente,8.74
1196,2025-09-01,ausente,11.7
1680,2024-10-06,Ausente,4.05
1583,2026-04-25,Presente,5.04
1491,2026-03-21,Presente,7.15
1543,2024-11-01,ausente,0.27
1899,2025-03-07,Presente,-1.56
1646,2026-02-08,TARDE,3.99
1704,2025-11-05,presente,-1.33
1277,2025-08-08,Ausente,2.24
1258,2024-11-12,Tarde,6.42
1044,2025-08-08,vacaciones ,4.78
1681,2024-07-27,Vacaciones,11.37
1572,2024-12-20,vacaciones ,9.46
1383,2025-11-01,Tarde,2.21
1039,2026-02-27,vacaciones ,-0.02
1796,2025-05-24,Tarde,-0.36
1352,2024-09-01,vacaciones ,10.21
1140,2024-12-15,Vacaciones,11.05
1786,2025-07-24,Tarde,0.58
1875,2024-12-17,Tarde,-0.25
1008,2025-08-24,Vacaciones,1.3
1650,2026-01-12,Ausente,4.15
1030,2025-09-16,Ausente,4.98
1491,2024-12-03,vacaciones ,2.25
1295,2025-05-21,Vacaciones,3.21
1228,2026-01-20,vacaciones ,2.57
1098,2025-09-14,TARDE,5.48
1320,2025-03-22,Presente,4.85
1083,2025-10-03,Tarde,2.02
1746,2024-08-05,Vacaciones,1.05
1170,2025-07-04,Presente,-1.95
1255,2025-11-15,vacaciones ,-0.21
1189,2026-01-25,presente,11.03
1069,2025-05-18,ausente,1.32
1797,2025-02-17,Tarde,6.87
1474,2026-02-08,ausente,0.2
1790,2024-09-11,Ausente,5.51
1558,2025-08-16,TARDE,6.64
1569,2026-05-29,Vacaciones,7.97
1328,2026-04-24,Vacaciones,0.39
1598,2025-08-25,Ausente,0.38
1861,2025-02-27,Vacaciones,-0.04
1879,2025-10-17,Vacaciones,-0.58
1118,2025-04-03,Vacaciones,4.85
1629,2025-11-04,presente,4.28
1056,2026-02-19,Vacaciones,10.83
1541,2025-10-14,Presente,3.09
1613,2024-12-13,presente,1.62
1465,2026-05-12,Ausente,1.77
1235,2024-12-15,Vacaciones,6.94
1365,2025-01-04,Tarde,2.17
1894,2026-02-16,Ausente,-0.43
1808,2025-10-25,ausente,-0.33
1594,2025-03-21,Ausente,7.83
1584,2025-07-20,ausente,0.79
1296,2026-05-28,TARDE,-1.49
1236,2026-05-17,ausente,5.15
1031,2026-05-10,TARDE,0.73
1542,2024-12-04,TARDE,3.9
1894,2024-07-17,presente,7.64
1245,2026-05-31,Tarde,3.98
1038,2024-11-04,ausente,5.08
1179,2024-11-17,presente,2.94
1178,2026-01-31,ausente,5.61
1201,2024-07-06,Presente,1.99
1568,2024-07-09,vacaciones ,0.58
1700,2025-02-24,presente,2.39
1125,2026-03-25,ausente,7.68
1418,2026-05-22,Vacaciones,9.64
1217,2026-03-17,Vacaciones,8.21
1494,2025-07-02,Presente,-0.58
1578,2025-02-26,presente,2.99
1702,2026-03-01,ausente,0.63
1285,2025-01-14,vacaciones ,4.95
1752,2024-12-16,ausente,4.2
1387,2024-07-19,Tarde,6.29
1407,2024-08-01,presente,11.82
1229,2025-01-03,TARDE,9.39
1139,2025-02-13,Ausente,10.44
1644,2025-09-07,vacaciones ,1.67
1349,2024-10-16,Presente,6.53
1588,2024-08-28,Presente,7.65
1114,2024-11-07,Presente,5.45
1567,2025-04-06,Vacaciones,4.72
1591,2024-12-25,Presente,5.44
1239,2025-09-07,Vacaciones,0.29
1721,2025-02-09,presente,5.56
1419,2024-10-15,Ausente,10.66
1174,2025-08-15,Ausente,3.46
1753,2024-12-21,Ausente,6.67
1859,2026-03-21,ausente,6.16
1448,2025-05-03,Tarde,5.85
1897,2024-07-16,Vacaciones,9.53
1502,2024-11-26,Vacaciones,6.89
1584,2024-12-08,Vacaciones,8.56
1129,2026-05-23,presente,9.8
1052,2025-01-27,Tarde,0.01
1451,2025-12-06,ausente,8.24
1623,2025-11-26,presente,9.48
1306,2024-11-01,TARDE,6.95
1880,2024-12-31,ausente,10.58
1473,2025-10-01,Presente,10.97
1768,2026-03-21,Ausente,10.82
1268,2025-03-07,Vacaciones,9.35
1808,2026-03-20,Ausente,9.13
1211,2026-01-18,vacaciones ,4.95
1894,2025-11-27,Tarde,5.32
1400,2024-09-09,presente,-0.84
1743,2025-01-31,TARDE,6.93
1214,2025-01-01,Vacaciones,8.53
1869,2024-11-29,presente,8.86
1591,2026-03-25,TARDE,6.54
1503,2024-08-10,presente,1.85
1344,2025-11-17,Presente,10.43
1023,2025-02-03,Tarde,9.67
1455,2025-06-16,ausente,6.08
1379,2025-11-01,Vacaciones,0.07
1882,2024-08-25,vacaciones ,10.94
1599,2024-07-12,TARDE,1.09
1808,2025-01-15,Vacaciones,-0.75
1848,2024-12-08,Vacaciones,8.42
1551,2026-03-19,Presente,8.56
1475,2025-04-23,Presente,8.76
1684,2024-11-21,Vacaciones,0.73
1689,2025-09-01,vacaciones ,-1.72
1762,2024-12-02,presente,-0.29
1246,2025-03-28,presente,-1.85
1878,2024-09-01,Tarde,9.94
1485,2025-07-06,Ausente,-0.12
1886,2026-03-01,Vacaciones,2.89
1249,2026-05-26,vacaciones ,-1.41
1060,2025-01-01,Vacaciones,9.57
1816,2024-06-30,presente,9.98
1734,2024-10-27,presente,-1.4
1335,2026-04-17,Presente,10.31
1306,2024-12-08,TARDE,8.0
1211,2025-09-18,vacaciones ,-1.02
1351,2025-06-09,ausente,0.88
1775,2025-03-16,vacaciones ,-0.04
1450,2024-12-11,presente,1.04
1357,2024-07-17,vacaciones ,5.96
1214,2025-11-29,Vacaciones,1.39
1633,2025-01-07,Presente,7.86
1641,2024-11-07,Vacaciones,5.62
1894,2024-08-01,vacaciones ,-0.74
1648,2025-02-11,Ausente,4.31
1252,2026-03-25,presente,7.11
1881,2024-11-12,vacaciones ,9.49
1245,2024-08-28,ausente,5.95
1365,2024-07-02,Vacaciones,9.06
1118,2024-09-18,presente,3.32
1252,2025-02-01,vacaciones ,11.39
1628,2024-06-24,Presente,7.24
1858,2026-01-06,TARDE,4.6
1186,2024-08-22,ausente,-1.61
1162,2025-12-28,vacaciones ,11.95
1665,2024-10-09,vacaciones ,3.74
1351,2026-06-14,TARDE,2.13
1533,2025-09-14,presente,3.29
1261,2025-07-17,Ausente,-1.04
1721,2024-09-29,vacaciones ,-0.93
1107,2025-05-11,ausente,11.42
1331,2025-10-23,TARDE,2.69
1893,2025-10-12,Ausente,3.73
1271,2026-01-12,Presente,11.65
1127,2025-08-27,Presente,0.64
1573,2026-06-12,Presente,-0.1
1219,2026-05-18,Presente,1.7
1498,2025-11-04,vacaciones ,0.92
1137,2025-03-10,presente,1.69
1265,2025-09-16,Ausente,4.35
1541,2024-12-30,TARDE,6.29
1813,2025-05-09,TARDE,10.97
1589,2025-09-06,vacaciones ,6.05
1045,2025-05-01,vacaciones ,4.93
1266,2025-08-17,Presente,5.98
1177,2025-06-16,Ausente,11.14
1521,2025-10-14,ausente,8.71
1892,2026-03-10,Vacaciones,8.56
1359,2024-11-29,presente,9.98
1242,2025-07-03,Vacaciones,5.53
1464,2024-12-09,Tarde,9.84
1126,2025-12-19,ausente,1.72
1201,2024-07-12,Presente,6.99
1435,2025-09-27,presente,9.04
1775,2024-07-16,vacaciones ,9.75
1840,2025-03-06,Ausente,8.86
1784,2025-12-26,Presente,0.84
1213,2025-09-30,presente,5.1
1210,2025-07-19,ausente,4.2
1765,2024-12-11,Vacaciones,11.47
1227,2024-07-27,TARDE,1.0
1290,2026-02-05,ausente,4.29
1849,2025-03-04,Ausente,-0.68
1734,2025-04-17,Presente,6.47
1637,2025-09-20,presente,11.19
1357,2026-02-21,TARDE,5.18
1652,2024-11-28,vacaciones ,11.57
1190,2025-04-25,Tarde,3.54
1357,2025-09-08,Ausente,9.03
1040,2025-07-28,Ausente,-1.05
1867,2025-11-18,Tarde,10.07
1238,2025-01-16,presente,6.56
1741,2024-07-12,Vacaciones,4.3
1137,2024-11-12,Presente,1.76
1286,2024-07-28,presente,-1.72
1724,2026-01-20,ausente,7.65
1858,2025-08-20,Ausente,-0.6
1220,2025-11-28,Tarde,1.79
1799,2026-02-24,TARDE,9.76
1658,2025-07-17,presente,-1.17
1494,2025-02-13,Ausente,-0.62
1649,2025-02-12,Tarde,0.02
1283,2026-04-19,ausente,-1.61
1747,2026-04-12,ausente,0.11
1399,2024-10-09,Ausente,10.12
1588,2025-10-16,vacaciones ,0.87
1181,2025-10-12,Vacaciones,-0.91
1507,2025-07-16,Ausente,9.11
1189,2025-05-02,Ausente,-1.8
1852,2025-07-28,TARDE,0.41
1102,2025-08-24,presente,5.47
1636,2024-08-17,Presente,-1.5
1312,2025-10-06,vacaciones ,5.36
1101,2024-09-22,vacaciones ,1.01
1486,2025-05-02,Presente,0.09
1408,2025-12-31,ausente,7.72
1173,2025-03-19,Presente,11.08
1155,2026-03-09,Presente,-1.55
1343,2026-04-11,TARDE,3.47
1821,2026-06-15,vacaciones ,8.1
1071,2025-05-10,Vacaciones,0.75
1556,2025-05-03,Presente,-1.86
1476,2024-12-28,ausente,6.47
1030,2025-02-10,Presente,-0.66
1249,2025-05-06,Tarde,2.67
1817,2025-12-29,Presente,-1.64
1472,2024-07-25,TARDE,6.61
1091,2024-07-17,TARDE,8.54
1035,2024-07-26,ausente,0.4
1095,2024-10-21,presente,0.86
1832,2026-02-13,vacaciones ,5.93
1761,2024-06-27,ausente,10.38
1670,2025-03-08,vacaciones ,4.94
1190,2025-02-03,presente,-1.65
1843,2025-03-07,Ausente,2.43
1726,2026-04-08,Ausente,8.41
1811,2025-07-22,presente,11.98
1113,2024-10-06,Tarde,5.66
1070,2025-11-17,ausente,9.68
1465,2024-06-19,Ausente,2.29
1416,2025-04-16,Presente,11.77
1148,2025-10-22,TARDE,8.63
1300,2025-04-18,Tarde,0.57
1147,2025-10-09,presente,7.07
1015,2025-07-17,Tarde,2.79
1219,2025-03-09,Ausente,8.57
1145,2025-01-12,Presente,6.17
1312,2026-02-08,ausente,9.17
1485,2025-03-24,Tarde,3.26
1023,2024-11-16,TARDE,7.44
1430,2025-10-27,Vacaciones,2.42
1230,2025-08-01,Tarde,4.58
1080,2026-06-03,ausente,6.44
1307,2026-06-08,Presente,11.59
1693,2024-09-11,Tarde,1.78
1353,2025-11-04,Vacaciones,6.18
1359,2025-03-13,presente,3.35
1134,2024-10-11,presente,-0.51
1683,2026-06-18,presente,2.48
1549,2024-12-08,presente,0.39
1440,2025-07-06,vacaciones ,11.91
1719,2025-05-17,Ausente,8.26
1821,2025-06-30,vacaciones ,1.57
1569,2025-12-03,vacaciones ,9.08
1526,2024-06-27,vacaciones ,-0.22
1474,2024-12-27,vacaciones ,11.99
1009,2026-01-11,Ausente,2.37
1265,2025-07-30,Presente,5.16
1236,2026-04-30,ausente,9.49
1570,2025-06-28,presente,11.67
1112,2024-07-22,Presente,4.87
1634,2025-01-30,Tarde,-0.8
1307,2025-01-02,Presente,-1.3
1584,2026-02-27,TARDE,3.5
1747,2026-02-12,Tarde,9.67
1804,2024-09-21,Vacaciones,11.72
1285,2024-12-28,Ausente,5.14
1276,2024-09-22,ausente,11.22
1040,2026-04-19,Tarde,-0.36
1587,2026-06-06,vacaciones ,2.46
1442,2024-12-28,Tarde,0.07
1876,2025-04-11,Presente,0.35
1170,2025-07-09,TARDE,8.41
1503,2026-01-21,Tarde,10.13
1367,2025-01-09,Vacaciones,-1.98
1213,2026-06-18,TARDE,-1.97
1021,2025-11-11,Presente,5.68
1385,2026-02-09,TARDE,9.11
1761,2025-09-12,vacaciones ,4.35
1607,2025-08-25,presente,6.57
1003,2024-07-02,presente,-0.3
1121,2025-11-12,vacaciones ,9.18
1023,2024-07-03,presente,3.38
1771,2025-02-03,Tarde,9.49
1142,2026-05-23,ausente,0.82
1467,2026-04-25,ausente,8.36
1632,2025-10-15,Presente,3.43
1554,2025-05-31,Vacaciones,2.2
1862,2025-04-04,presente,11.2
1887,2024-10-19,vacaciones ,4.72
1264,2025-10-02,vacaciones ,1.43
1051,2026-05-11,Presente,10.9
1835,2025-01-27,Ausente,7.58
1255,2024-08-23,vacaciones ,-0.34
1099,2025-11-05,TARDE,11.34
1084,2026-04-12,presente,5.33
1087,2026-01-29,Vacaciones,-0.71
1618,2026-01-09,Vacaciones,7.72
1337,2024-11-05,Tarde,8.63
1824,2024-09-04,Ausente,0.1
1018,2024-11-29,TARDE,6.9
1824,2025-12-10,Presente,-1.04
1208,2025-07-24,Vacaciones,8.68
1284,2025-10-23,vacaciones ,3.76
1457,2025-04-03,Vacaciones,3.25
1588,2026-03-16,Ausente,1.97
1720,2025-01-22,Ausente,10.09
1442,2025-06-22,ausente,0.08
1054,2025-12-20,presente,-1.18
1141,2025-02-26,Ausente,10.34
1738,2025-07-08,Presente,9.34
1723,2026-04-05,presente,7.64
1155,2025-12-01,Tarde,7.14
1525,2025-05-19,ausente,6.35
1785,2025-02-03,Ausente,11.55
1152,2025-05-08,vacaciones ,-0.03
1543,2026-01-03,Vacaciones,5.01
1071,2024-08-15,ausente,1.67
1332,2025-01-04,Tarde,4.55
1808,2025-06-30,Vacaciones,6.92
1197,2026-05-09,vacaciones ,2.36
1227,2025-11-25,Vacaciones,11.94
1017,2026-01-04,Presente,2.13
1163,2024-10-11,presente,11.89
1573,2025-05-13,Tarde,5.72
1339,2025-09-23,presente,5.69
1703,2026-05-07,vacaciones ,11.14
1643,2024-08-17,Tarde,9.01
1335,2024-07-06,Vacaciones,5.9
1293,2024-10-28,vacaciones ,-0.4
1032,2026-03-02,Presente,4.51
1177,2025-06-09,TARDE,-1.22
1436,2025-04-23,vacaciones ,-1.67
1087,2025-06-21,Tarde,5.86
1534,2025-09-05,Tarde,4.42
1030,2026-04-14,presente,8.13
1763,2026-06-09,Tarde,0.81
1130,2025-03-23,vacaciones ,-1.04
1091,2026-01-31,Tarde,-1.59
1270,2024-10-17,Vacaciones,-1.84
1753,2026-02-14,vacaciones ,4.09
1332,2025-12-21,TARDE,11.38
1790,2024-10-20,Ausente,2.37
1742,2026-05-23,Presente,11.59
1312,2025-10-16,Tarde,10.51
1450,2025-03-17,vacaciones ,11.83
1872,2024-10-25,Ausente,3.36
1025,2025-01-25,presente,6.71
1340,2024-10-08,TARDE,-1.9
1511,2024-11-01,TARDE,11.5
1316,2025-07-13,ausente,9.83
1265,2025-08-11,TARDE,2.9
1431,2025-04-04,presente,4.88
1419,2026-05-06,Tarde,0.28
1325,2024-08-17,presente,8.49
1129,2026-05-12,ausente,7.35
1187,2026-03-07,vacaciones ,4.34
1003,2026-01-14,vacaciones ,9.86
1720,2024-08-18,vacaciones ,11.09
1715,2025-04-29,vacaciones ,11.34
1876,2025-07-29,Tarde,1.86
1078,2026-04-01,ausente,10.37
1418,2025-03-31,ausente,5.15
1864,2025-03-02,Ausente,9.06
1300,2025-10-15,ausente,4.54
1082,2025-12-17,Tarde,6.09
1654,2026-01-16,TARDE,3.06
1037,2025-09-23,vacaciones ,11.65
1111,2025-03-30,Ausente,5.01
1494,2025-12-29,Ausente,11.63
1128,2024-07-18,TARDE,2.38
1278,2025-10-28,TARDE,2.31
1314,2025-10-05,vacaciones ,10.3
1771,2024-11-15,vacaciones ,5.67
1113,2026-04-05,Tarde,-0.78
1809,2024-12-02,vacaciones ,9.81
1619,2025-08-29,Vacaciones,0.29
1262,2024-11-26,Tarde,-1.76
1409,2025-08-24,Ausente,9.21
1658,2025-02-25,presente,8.73
1103,2026-01-08,ausente,8.84
1559,2026-01-08,presente,5.44
1474,2024-06-27,TARDE,-1.96
1684,2025-06-02,vacaciones ,1.27
1230,2025-11-14,Vacaciones,7.48
1807,2026-02-03,Ausente,5.01
1884,2025-01-14,Tarde,8.14
1540,2025-01-20,Ausente,6.21
1429,2026-05-09,Presente,11.9
1414,2026-04-19,Ausente,10.13
1018,2026-03-08,Vacaciones,9.85
1836,2026-05-12,presente,11.9
1186,2025-03-13,presente,0.25
1899,2025-03-29,Vacaciones,2.35
1672,2026-01-16,Ausente,-0.85
1743,2025-12-21,Tarde,1.46
1030,2026-02-14,presente,7.92
1052,2024-09-28,Ausente,6.56
1540,2026-04-30,vacaciones ,-1.94
1245,2025-11-11,ausente,-0.01
1730,2025-04-11,vacaciones ,-1.26
1059,2025-06-03,TARDE,0.28
1715,2025-06-26,TARDE,-0.53
1457,2025-04-19,Presente,-0.88
1826,2025-04-04,Ausente,-1.55
1013,2024-11-18,TARDE,2.17
1486,2024-07-26,presente,1.37
1768,2024-11-19,ausente,8.47
1603,2024-07-12,ausente,8.67
1568,2025-06-30,vacaciones ,-1.36
1767,2025-04-29,presente,10.38
1775,2024-07-19,vacaciones ,10.38
1159,2024-08-22,Vacaciones,7.57
1631,2025-10-11,Presente,8.1
1264,2024-10-25,presente,6.15
1291,2025-07-13,ausente,9.5
1336,2025-05-10,Vacaciones,10.9
1643,2025-02-09,presente,-0.92
1448,2025-03-01,Vacaciones,1.13
1542,2025-05-26,Tarde,7.89
1023,2026-04-22,ausente,10.92
1571,2025-07-14,ausente,5.32
1003,2024-07-10,ausente,-0.07
1479,2025-04-10,Presente,8.01
1479,2025-02-10,presente,11.24
1108,2025-05-10,vacaciones ,-1.62
1706,2025-07-02,presente,8.91
1481,2025-03-22,Tarde,-0.18
1207,2024-12-21,vacaciones ,1.52
1502,2024-09-28,presente,5.5
1496,2024-08-04,Vacaciones,9.73
1041,2025-11-28,ausente,10.3
1573,2026-05-27,presente,10.6
1007,2025-10-23,Tarde,9.18
1560,2025-03-01,Presente,7.43
1733,2024-08-28,Vacaciones,8.98
1476,2024-10-12,Presente,-1.79
1666,2025-05-22,Ausente,7.37
1300,2025-06-28,TARDE,9.18
1138,2025-01-13,TARDE,10.27
1190,2025-12-09,Tarde,11.58
1124,2024-11-22,vacaciones ,6.19
1808,2025-06-19,vacaciones ,6.43
1781,2024-06-20,vacaciones ,5.72
1867,2024-06-19,ausente,1.63
1682,2025-10-11,ausente,-1.72
1820,2024-10-14,ausente,7.55
1365,2025-05-10,presente,4.12
1706,2026-04-22,presente,1.44
1870,2025-06-19,Vacaciones,7.76
1898,2025-01-22,Tarde,-0.75
1056,2026-01-28,presente,9.74
1305,2024-07-15,Tarde,3.44
1004,2025-12-21,ausente,10.99
1222,2025-07-20,TARDE,3.1
1832,2025-06-18,Ausente,10.5
1160,2025-11-23,Ausente,9.88
1719,2025-09-24,presente,6.68
1886,2025-04-14,TARDE,6.09
1295,2026-03-30,Ausente,5.05
1225,2025-04-26,Presente,-1.86
1109,2025-09-14,vacaciones ,6.41
1828,2025-04-27,presente,9.4
1323,2024-07-04,TARDE,-1.34
1103,2025-08-05,Vacaciones,10.76
1386,2025-04-23,ausente,8.08
1781,2026-05-15,vacaciones ,7.78
1413,2025-05-05,TARDE,1.24
1888,2026-02-10,Vacaciones,1.26
1563,2026-04-29,presente,-0.69
1333,2025-08-24,Presente,9.48
1779,2025-10-04,Ausente,10.77
1430,2025-09-29,Ausente,8.76
1159,2024-07-23,ausente,5.08
1827,2024-11-28,vacaciones ,9.98
1125,2024-06-24,Vacaciones,4.61
1565,2024-08-06,Vacaciones,2.49
1783,2024-07-10,presente,-0.08
1788,2024-11-02,presente,10.68
1504,2025-04-07,Vacaciones,9.3
1137,2025-08-09,TARDE,6.29
1783,2025-09-09,ausente,5.09
1349,2025-06-17,Vacaciones,1.63
1385,2026-01-03,Presente,8.67
1831,2024-09-12,ausente,0.25
1751,2025-04-10,vacaciones ,-1.74
1302,2025-09-02,Ausente,4.09
1755,2026-03-05,Vacaciones,8.8
1432,2025-11-18,ausente,4.56
1037,2025-02-20,Vacaciones,-1.09
1104,2024-11-02,Presente,4.45
1062,2025-06-18,ausente,-0.28
1393,2025-03-25,Ausente,8.57
1492,2025-04-30,TARDE,4.74
1740,2024-11-03,Presente,1.03
1498,2024-10-11,Vacaciones,2.3
1233,2025-09-12,Presente,8.87
1452,2026-01-15,Ausente,9.5
1860,2024-07-20,Ausente,5.05
1332,2026-04-01,ausente,7.4
1392,2025-01-08,Presente,0.27
1176,2026-01-20,Vacaciones,1.63
1769,2025-12-30,vacaciones ,7.59
1412,2024-06-24,Tarde,10.51
1190,2025-03-24,Ausente,11.96
1459,2025-10-06,vacaciones ,4.0
1139,2025-10-26,Presente,4.23
1386,2026-02-21,TARDE,0.01
1069,2025-08-07,TARDE,11.2
1213,2025-06-11,vacaciones ,4.66
1708,2024-11-04,Tarde,3.01
1128,2025-12-05,TARDE,10.5
1441,2025-10-13,ausente,6.5
1416,2024-09-10,Presente,9.16
1529,2024-08-28,vacaciones ,6.28
1239,2026-06-07,Tarde,-1.19
1342,2026-01-02,Vacaciones,8.88
1265,2025-09-12,Presente,2.86
1026,2026-02-13,Tarde,4.64
1591,2024-08-25,vacaciones ,8.39
1335,2025-11-29,ausente,4.01
1263,2024-07-15,Presente,2.4
1698,2024-06-23,Vacaciones,3.76
1059,2026-04-16,ausente,5.0
1474,2025-04-16,ausente,7.95
1352,2024-11-11,Ausente,0.22
1870,2026-03-13,presente,6.21
1883,2024-12-30,Presente,1.38
1800,2024-08-05,Ausente,0.06
1185,2025-11-27,ausente,0.94
1412,2026-05-14,Tarde,4.38
1211,2025-05-11,Tarde,-1.17
1180,2025-04-16,Tarde,11.21
1150,2026-01-18,ausente,-0.55
1779,2026-02-20,presente,9.7
1850,2025-08-08,Vacaciones,7.12
1501,2025-08-24,vacaciones ,6.49
1503,2025-04-14,presente,3.92
1058,2026-05-02,Ausente,0.21
1556,2024-08-22,Vacaciones,-0.4
1274,2026-02-19,vacaciones ,6.08
1238,2024-06-26,Presente,3.25
1106,2024-11-20,vacaciones ,11.37
1008,2024-09-25,TARDE,6.18
1825,2024-06-28,Tarde,0.62
1184,2024-08-13,vacaciones ,11.93
1582,2025-09-07,Presente,-0.66
1272,2026-05-21,Tarde,7.5
1275,2025-11-01,ausente,9.6
1062,2025-07-10,vacaciones ,5.65
1889,2026-02-28,presente,4.31
1777,2024-10-20,Presente,10.9
1825,2025-02-16,presente,3.6
1198,2025-12-09,ausente,10.42
1040,2024-12-19,Vacaciones,7.59
1033,2026-06-17,Ausente,6.17
1213,2025-03-14,Tarde,3.79
1469,2025-04-14,Tarde,1.55
1286,2026-01-20,vacaciones ,6.09
1873,2026-04-01,presente,10.08
1451,2026-05-26,Tarde,5.88
1801,2025-03-05,ausente,4.07
1247,2024-07-12,Presente,5.56
1576,2025-12-20,Presente,8.38
1774,2025-05-20,Vacaciones,1.64
1160,2025-08-09,Vacaciones,6.62
1627,2025-12-15,Vacaciones,-0.48
1618,2024-06-25,TARDE,8.33
1230,2026-06-01,Tarde,4.47
1161,2025-07-14,ausente,0.52
1881,2024-11-09,presente,0.24
1586,2026-03-10,presente,9.51
1227,2025-06-08,Vacaciones,7.13
1305,2025-12-01,vacaciones ,-1.17
1850,2025-06-25,vacaciones ,8.06
1463,2024-10-17,vacaciones ,7.04
1843,2024-10-20,Tarde,4.35
1170,2024-12-20,Ausente,2.98
1210,2024-08-14,ausente,1.71
1766,2025-09-18,Vacaciones,-1.67
1740,2025-06-29,Presente,5.08
1559,2025-03-10,vacaciones ,2.22
1002,2025-02-22,vacaciones ,8.47
1372,2026-04-07,vacaciones ,9.85
1022,2025-03-07,Tarde,-1.38
1010,2024-09-06,presente,5.91
1862,2026-06-02,Tarde,6.33
1169,2026-03-13,Tarde,8.8
1380,2026-03-10,Ausente,10.35
1243,2024-07-23,Presente,1.91
1555,2026-01-07,Presente,6.19
1177,2024-12-30,Tarde,2.88
1197,2025-09-14,TARDE,0.89
1006,2026-03-08,Tarde,1.43
1068,2025-08-24,Presente,0.16
1383,2026-01-10,Vacaciones,2.82
1060,2024-11-29,presente,6.65
1746,2026-05-17,TARDE,11.85
1290,2026-04-26,Vacaciones,9.15
1699,2025-07-25,Presente,1.16
1414,2026-01-23,Ausente,7.73
1213,2024-08-28,TARDE,8.57
1251,2025-12-03,TARDE,10.25
1301,2026-05-12,TARDE,3.52
1167,2024-09-17,vacaciones ,-0.15
1831,2024-12-11,Presente,2.86
1764,2025-03-02,TARDE,-0.29
1851,2025-07-04,Ausente,8.54
1092,2024-07-22,Tarde,10.32
1058,2026-03-30,ausente,8.92
1769,2025-10-31,vacaciones ,2.38
1895,2024-07-29,Tarde,11.32
1120,2024-08-14,Tarde,1.4
1508,2025-08-28,vacaciones ,0.77
1492,2026-01-27,ausente,2.33
1380,2025-03-11,Ausente,0.24
1015,2024-10-20,vacaciones ,0.55
1793,2025-03-29,Ausente,6.97
1579,2025-01-13,TARDE,10.62
1350,2025-04-19,presente,6.2
1185,2026-03-23,vacaciones ,4.25
1719,2025-10-04,TARDE,-0.6
1381,2026-03-12,TARDE,8.12
1131,2024-12-06,vacaciones ,9.97
1280,2025-05-10,ausente,2.46
1683,2026-03-24,vacaciones ,1.53
1105,2024-10-11,Tarde,7.82
1635,2026-02-03,vacaciones ,-0.31
1828,2026-01-27,TARDE,-1.63
1584,2026-03-09,Tarde,7.24
1900,2025-03-17,Ausente,2.42
1140,2024-09-13,Ausente,-1.14
1170,2025-10-11,presente,-1.12
1707,2026-02-07,TARDE,10.04
1363,2025-09-23,Presente,2.45
1277,2025-02-27,TARDE,8.08
1142,2024-07-21,presente,6.15
1107,2026-04-10,Ausente,1.33
1861,2026-01-27,Presente,5.24
1452,2024-09-17,ausente,10.84
1472,2025-07-25,Tarde,1.65
1619,2025-10-01,Tarde,3.24
1759,2025-06-29,Ausente,10.04
1157,2026-04-07,presente,5.02
1241,2025-05-01,Ausente,6.8
1691,2025-08-27,Vacaciones,7.81
1552,2026-03-18,presente,6.27
1753,2024-12-05,Presente,2.24
1555,2025-05-17,ausente,4.9
1441,2026-03-30,ausente,6.88
1849,2024-07-13,TARDE,11.46
1240,2024-08-02,Tarde,6.24
1571,2025-06-25,vacaciones ,2.96
1366,2026-05-15,Presente,0.32
1478,2024-09-10,Ausente,11.44
1281,2025-06-17,Presente,10.37
1341,2024-10-06,Vacaciones,8.29
1543,2025-06-14,TARDE,9.61
1554,2026-01-22,Tarde,11.62
1328,2026-01-03,vacaciones ,7.95
1489,2024-11-24,Tarde,3.66
1176,2024-10-19,Presente,8.36
1272,2025-01-22,vacaciones ,4.75
1674,2024-08-22,Tarde,3.07
1221,2024-11-25,Vacaciones,8.32
1082,2026-02-21,vacaciones ,0.36
1162,2024-09-01,Tarde,0.57
1358,2024-09-04,Presente,8.57
1546,2026-02-03,Tarde,2.94
1814,2026-01-17,vacaciones ,0.35
1307,2024-11-15,ausente,0.41
1421,2025-08-24,TARDE,6.25
1257,2024-06-28,Tarde,7.05
1092,2026-06-08,Tarde,9.1
1251,2025-02-08,Ausente,-0.78
1583,2026-04-25,Tarde,6.32
1806,2025-03-05,Presente,6.48
1670,2026-02-13,vacaciones ,3.52
1851,2024-11-03,ausente,-1.44
1419,2025-11-25,vacaciones ,-2.0
1850,2024-09-03,Vacaciones,9.59
1053,2026-03-16,Vacaciones,4.02
1189,2025-04-03,presente,4.68
1291,2025-10-27,Presente,-1.74
1237,2025-10-01,presente,-1.3
1778,2024-07-27,presente,6.05
1251,2024-07-30,Vacaciones,8.68
1551,2025-12-08,Tarde,-0.12
1305,2026-01-25,ausente,-0.69
1606,2025-12-04,TARDE,3.35
1005,2024-07-16,Presente,3.88
1021,2025-10-11,Tarde,4.46
1674,2026-06-13,Presente,2.49
1287,2024-07-19,vacaciones ,-0.45
1701,2024-07-18,vacaciones ,9.63
1056,2025-05-16,ausente,11.66
1891,2025-11-04,Tarde,3.47
1223,2025-08-01,Vacaciones,-1.86
1586,2025-02-04,Vacaciones,1.2
1177,2025-08-29,TARDE,1.8
1092,2026-04-06,ausente,9.57
1674,2024-12-31,Tarde,10.0
1689,2025-07-31,presente,0.88
1888,2026-04-01,TARDE,9.01
1117,2026-03-11,Presente,7.0
1811,2025-11-24,Ausente,1.96
1095,2024-08-17,vacaciones ,2.2
1204,2026-03-07,presente,3.45
1282,2024-09-09,Ausente,-0.37
1766,2026-01-10,TARDE,4.44
1475,2025-04-03,ausente,7.22
1397,2025-02-20,Vacaciones,4.67
1430,2026-01-28,Presente,3.91
1709,2025-03-04,TARDE,9.06
1618,2025-05-20,Ausente,0.52
1046,2024-09-06,Ausente,10.32
1828,2026-02-08,presente,4.63
1878,2025-10-09,Vacaciones,-0.6
1563,2025-01-09,ausente,-1.72
1088,2026-05-22,ausente,6.68
1578,2025-08-31,TARDE,0.41
1714,2024-09-04,Tarde,-1.42
1172,2025-01-26,Ausente,5.85
1455,2025-01-09,Ausente,1.73
1273,2024-10-13,presente,8.76
1172,2025-09-07,TARDE,1.76
1438,2026-06-13,Vacaciones,9.15
1513,2025-03-05,vacaciones ,6.02
1459,2024-11-30,Presente,0.32
1895,2024-11-14,Ausente,8.82
1378,2025-09-02,TARDE,3.3
1779,2026-02-12,Tarde,3.85
1581,2026-06-11,Presente,1.93
1478,2026-06-18,Tarde,0.77
1444,2025-10-20,Ausente,-1.11
1012,2025-05-07,Presente,6.34
1232,2025-03-19,Vacaciones,6.76
1320,2026-02-12,ausente,8.39
1274,2024-08-06,Tarde,-0.72
1743,2025-01-01,Ausente,1.28
1798,2026-01-19,Presente,9.69
1033,2024-11-17,TARDE,4.68
1079,2025-05-15,Ausente,7.41
1051,2024-11-15,Ausente,4.84
1663,2025-05-25,vacaciones ,8.32
1300,2025-11-11,TARDE,4.38
1535,2024-09-14,Ausente,1.86
1468,2025-05-26,Presente,3.55
1384,2024-08-20,presente,5.59
1462,2025-02-16,Vacaciones,10.3
1262,2025-08-07,vacaciones ,9.89
1134,2025-09-21,vacaciones ,8.57
1413,2026-03-18,presente,3.15
1304,2026-02-03,presente,5.27
1836,2024-06-19,Presente,11.14
1152,2024-07-15,ausente,4.66
1712,2025-12-12,Tarde,6.08
1112,2024-07-13,Presente,8.88
1315,2025-07-21,Vacaciones,-1.43
1465,2026-01-18,vacaciones ,-1.71
1241,2025-01-24,Vacaciones,3.77
1438,2024-08-15,Presente,2.72
1037,2025-04-18,TARDE,7.88
1454,2025-05-04,Ausente,10.81
1606,2026-05-22,TARDE,0.96
1405,2024-12-18,ausente,7.02
1681,2026-03-22,TARDE,-1.69
1414,2025-02-10,ausente,7.81
1123,2025-03-30,Tarde,0.56
1187,2026-04-24,vacaciones ,3.74
1878,2025-10-08,ausente,10.76
1657,2024-06-20,Ausente,8.87
1629,2025-02-09,Presente,8.8
1462,2024-10-09,vacaciones ,2.61
1514,2026-01-25,Vacaciones,7.47
1827,2025-12-07,Presente,3.42
1769,2026-04-08,TARDE,6.02
1209,2025-01-02,Ausente,7.52
1173,2025-09-06,ausente,11.82
1024,2025-09-25,Vacaciones,9.18
1652,2025-04-28,Vacaciones,9.87
1864,2025-10-18,Ausente,5.99
1142,2026-06-16,presente,7.72
1060,2025-04-17,Ausente,7.07
1574,2025-02-24,vacaciones ,8.71
1783,2025-11-04,presente,5.63
1411,2026-06-10,ausente,-1.58
1400,2025-05-03,TARDE,0.62
1062,2025-04-20,presente,3.63
1166,2024-07-14,Presente,4.64
1829,2025-12-27,Tarde,8.73
1521,2026-06-13,presente,7.42
1580,2025-08-22,Tarde,4.87
1575,2025-09-26,Tarde,3.86
1330,2024-07-08,TARDE,8.82
1238,2025-07-19,ausente,-0.73
1755,2025-11-23,Presente,5.47
1842,2024-11-07,Ausente,6.55
1175,2026-01-10,vacaciones ,6.22
1161,2025-02-25,Presente,0.89
1712,2025-11-11,TARDE,11.61
1089,2024-08-16,TARDE,11.41
1309,2025-08-01,Presente,-0.42
1367,2026-01-05,vacaciones ,4.29
1389,2025-05-19,Tarde,-1.11
1348,2025-02-09,ausente,0.66
1376,2026-06-02,Ausente,11.95
1543,2026-03-14,Tarde,11.42
1278,2024-08-14,TARDE,5.86
1524,2025-10-18,Ausente,7.22
1251,2026-02-24,Presente,7.76
1801,2026-02-21,presente,4.52
1551,2024-07-18,presente,3.8
1514,2025-03-21,Presente,3.41
1385,2024-10-12,Ausente,7.29
1694,2024-11-01,presente,2.81
1660,2025-05-10,Presente,-0.56
1666,2025-07-02,Ausente,10.35
1594,2025-09-23,Tarde,10.62
1669,2026-05-07,presente,2.6
1204,2024-07-31,ausente,8.85
1117,2024-08-03,ausente,-1.24
1613,2025-06-10,Tarde,3.77
1305,2026-02-17,Presente,4.25
1049,2026-06-19,TARDE,-1.56
1644,2024-10-02,Presente,5.25
1886,2024-10-25,presente,4.36
1411,2026-04-18,Tarde,5.4
1615,2024-08-09,vacaciones ,5.7
1666,2025-07-17,Ausente,9.66
1862,2025-02-02,Vacaciones,8.53
1030,2026-01-28,Presente,4.41
1528,2025-05-30,Vacaciones,11.32
1188,2026-05-01,ausente,6.84
1090,2026-04-16,presente,3.87
1002,2024-07-22,vacaciones ,11.12
1701,2026-03-06,presente,8.07
1394,2025-12-25,presente,0.4
1483,2024-09-11,vacaciones ,3.49
1015,2024-10-19,Presente,5.43
1860,2025-11-17,Presente,1.36
1122,2026-03-23,ausente,-1.2
1775,2025-01-30,Tarde,11.92
1431,2025-05-22,TARDE,7.42
1270,2026-05-01,Ausente,1.77
1333,2026-04-06,vacaciones ,6.82
1188,2025-03-14,Ausente,2.68
1534,2026-05-01,ausente,10.6
1083,2025-09-01,Tarde,-1.85
1764,2025-10-14,Ausente,9.35
1673,2024-10-05,Tarde,2.18
1673,2024-10-25,Vacaciones,1.01
1610,2025-05-25,Presente,6.2
1159,2025-02-20,TARDE,4.42
1254,2026-01-08,Presente,0.56
1272,2025-05-24,ausente,3.67
1835,2024-11-02,Presente,1.5
1385,2026-02-10,ausente,-1.99
1772,2024-12-22,Ausente,1.39
1325,2024-07-04,Tarde,9.82
1706,2026-02-20,Ausente,-1.41
1363,2024-11-07,TARDE,7.78
1435,2024-07-21,Ausente,5.02
1081,2025-10-19,ausente,9.06
1797,2025-04-23,Ausente,7.52
1248,2024-07-23,vacaciones ,9.58
1278,2026-03-08,Tarde,-0.34
1895,2026-05-11,ausente,11.97
1254,2026-03-29,Vacaciones,1.87
1729,2024-09-04,vacaciones ,3.76
1202,2025-04-15,Tarde,1.23
1039,2026-02-01,vacaciones ,3.65
1474,2025-06-18,vacaciones ,1.97
1075,2025-03-04,Tarde,3.22
1317,2026-03-03,ausente,11.55
1875,2025-03-11,Tarde,-0.11
1051,2025-01-26,Ausente,0.6
1537,2025-01-12,vacaciones ,0.58
1420,2025-10-03,Tarde,-1.84
1426,2025-05-22,vacaciones ,-0.98
1464,2025-05-07,vacaciones ,0.48
1353,2026-04-21,vacaciones ,6.54
1604,2025-07-20,Tarde,6.23
1754,2026-03-02,TARDE,1.01
1769,2024-10-07,ausente,10.11
1409,2025-08-21,ausente,7.94
1461,2026-04-15,Tarde,3.21
1799,2024-09-28,vacaciones ,-1.83
1124,2026-03-17,TARDE,1.57
1176,2026-01-05,Presente,5.33
1887,2025-05-17,Ausente,10.53
1832,2025-09-30,TARDE,-0.66
1204,2025-08-19,TARDE,11.66
1613,2024-09-16,presente,0.17
1129,2025-04-12,vacaciones ,-1.86
1004,2024-08-01,presente,2.05
1050,2025-11-29,ausente,11.02
1150,2025-11-10,presente,11.39
1312,2025-09-25,TARDE,9.94
1891,2026-05-20,Ausente,8.24
1577,2025-08-25,presente,1.05
1121,2024-07-09,Presente,0.86
1831,2025-08-04,ausente,2.5
1650,2024-12-12,ausente,-0.15
1605,2026-06-05,vacaciones ,7.02
1852,2026-02-19,vacaciones ,2.16
1760,2024-09-30,Tarde,2.16
1011,2024-11-04,Vacaciones,6.7
1726,2025-08-18,Tarde,-1.22
1187,2024-10-09,TARDE,2.72
1237,2025-06-11,Presente,5.98
1496,2025-06-01,vacaciones ,3.99
1819,2025-05-18,presente,6.71
1267,2026-06-09,vacaciones ,-0.25
1582,2024-10-02,Presente,7.09
1877,2024-08-08,Vacaciones,3.63
1134,2026-01-01,Presente,-0.81
1674,2025-06-02,Vacaciones,1.44
1002,2026-04-23,ausente,6.62
1418,2026-01-19,presente,11.11
1440,2025-03-05,Vacaciones,11.69
1156,2025-07-18,Ausente,9.89
1006,2026-01-25,Ausente,1.47
1314,2024-06-26,ausente,1.61
1727,2024-10-17,Tarde,2.45
1074,2025-07-28,TARDE,4.75
1633,2025-03-11,Vacaciones,9.91
1099,2025-12-01,Presente,-1.27
1501,2025-08-24,ausente,0.75
1173,2025-11-19,presente,4.95
1358,2025-10-03,Presente,1.16
1088,2025-01-15,Tarde,11.52
1150,2026-04-11,Vacaciones,9.67
1762,2025-10-12,presente,6.27
1528,2026-04-18,ausente,0.71
1470,2026-01-25,Presente,0.66
1749,2025-06-09,Tarde,9.35
1872,2024-09-17,Ausente,1.85
1459,2025-01-08,Ausente,5.7
1000,2025-06-07,Ausente,4.91
1026,2024-08-21,ausente,8.5
1547,2026-02-23,vacaciones ,10.12
1793,2025-10-18,TARDE,2.41
1067,2025-07-27,Presente,7.69
1481,2024-09-18,vacaciones ,2.5
1796,2026-01-18,presente,9.01
1644,2024-11-29,Presente,11.68
1704,2025-03-08,Vacaciones,-0.74
1711,2025-10-12,TARDE,11.45
1170,2025-01-23,Vacaciones,-0.9
1360,2026-01-17,vacaciones ,0.7
1261,2026-01-26,Presente,6.47
1075,2025-08-29,Vacaciones,5.12
1352,2024-11-12,Vacaciones,5.62
1080,2025-11-25,presente,2.49
1855,2024-07-11,ausente,1.65
1735,2026-02-18,vacaciones ,7.37
1254,2024-12-27,presente,10.91
1048,2025-04-19,ausente,9.5
1002,2024-08-29,Presente,1.99
1601,2026-02-27,TARDE,10.49
1820,2025-10-24,Presente,8.04
1326,2025-07-27,Ausente,-0.36
1282,2025-01-10,Presente,11.92
1254,2025-07-02,Tarde,0.49
1823,2025-03-10,Presente,7.53
1602,2024-06-25,vacaciones ,3.51
1164,2025-03-27,Presente,1.34
1380,2026-03-30,vacaciones ,7.58
1285,2024-09-17,Presente,7.24
1546,2024-07-20,Presente,0.12
1329,2025-01-08,Tarde,6.51
1346,2025-08-01,presente,11.59
1391,2026-06-01,Ausente,7.69
1726,2025-03-21,TARDE,10.14
1739,2026-03-10,TARDE,2.8
1427,2025-01-03,Tarde,0.8
1194,2025-07-05,ausente,2.2
1870,2025-09-13,Presente,5.04
1519,2025-11-05,Presente,8.67
1860,2025-06-13,vacaciones ,4.82
1517,2026-05-05,ausente,11.89
1043,2025-11-07,Tarde,-1.43
1695,2024-07-15,presente,6.39
1629,2025-04-10,presente,5.57
1740,2026-01-24,Ausente,10.12
1080,2026-05-10,presente,0.8
1876,2025-09-24,Tarde,9.35
1387,2025-10-19,presente,-0.65
1550,2025-05-25,Ausente,5.75
1574,2025-11-03,Presente,2.8
1819,2025-12-26,vacaciones ,1.37
1673,2024-09-24,presente,-0.44
1671,2025-03-12,vacaciones ,-1.55
1465,2024-11-05,Tarde,0.05
1321,2026-06-13,TARDE,6.41
1481,2026-02-10,Presente,4.66
1279,2024-11-18,Vacaciones,7.96
1303,2025-12-22,ausente,8.17
1808,2026-05-23,Presente,10.09
1695,2025-06-06,Tarde,10.86
1201,2025-11-21,presente,4.21
1065,2025-08-14,Ausente,3.47
1075,2026-05-27,Vacaciones,8.21
1590,2026-03-04,Ausente,3.9
1811,2024-06-22,ausente,9.25
1417,2026-06-12,Tarde,10.22
1184,2026-03-29,TARDE,2.57
1777,2025-12-12,vacaciones ,10.92
1372,2025-08-01,TARDE,11.67
1141,2026-05-11,vacaciones ,-0.97
1547,2026-04-18,Ausente,-1.77
1382,2026-02-18,ausente,9.38
1459,2026-03-11,Presente,1.03
1397,2026-05-03,vacaciones ,-1.32
1832,2024-08-03,Presente,3.51
1042,2026-05-23,vacaciones ,3.54
1444,2026-03-22,Presente,3.19
1132,2026-05-11,presente,7.06
1439,2026-04-29,Ausente,9.72
1638,2025-02-27,presente,-1.85
1221,2025-10-01,Presente,6.29
1168,2025-07-21,Presente,9.28
1242,2025-12-03,Presente,0.0
1138,2024-11-16,Presente,6.52
1347,2025-04-06,Tarde,7.64
1785,2026-02-04,ausente,8.6
1582,2024-09-07,ausente,7.75
1375,2024-10-14,TARDE,10.0
1588,2025-06-05,Tarde,11.57
1042,2025-12-25,Presente,6.73
1546,2024-08-07,vacaciones ,-1.4
1883,2024-11-24,ausente,2.88
1834,2026-05-03,ausente,11.08
1677,2025-06-22,Vacaciones,1.61
1279,2024-12-20,Tarde,-1.39
1292,2025-01-10,Ausente,7.71
1337,2026-04-04,TARDE,5.19
1127,2026-04-18,Presente,6.83
1123,2025-05-15,vacaciones ,2.87
1358,2025-10-22,TARDE,1.97
1859,2025-10-14,Ausente,8.67
1407,2025-10-26,vacaciones ,0.2
1171,2024-12-05,Vacaciones,0.09
1505,2024-09-06,ausente,-1.27
1716,2026-04-03,vacaciones ,3.32
1240,2024-08-15,vacaciones ,-0.56
1430,2025-12-05,Tarde,2.33
1433,2025-03-11,Presente,4.27
1303,2024-11-24,ausente,10.09
1157,2024-09-27,vacaciones ,10.63
1415,2025-05-20,Presente,-0.16
1361,2026-03-15,presente,3.12
1373,2024-10-08,Presente,-1.01
1203,2025-06-25,Presente,-1.05
1235,2025-10-13,presente,3.92
1828,2025-11-01,presente,2.42
1055,2026-02-11,Vacaciones,5.37
1585,2025-11-12,Presente,3.23
1183,2025-03-24,Ausente,2.23
1214,2024-11-01,TARDE,6.27
1314,2025-02-12,ausente,5.94
1057,2024-11-10,vacaciones ,11.56
1749,2025-01-14,Vacaciones,0.99
1696,2026-01-09,Vacaciones,7.72
1478,2025-05-09,Presente,2.47
1471,2025-01-02,presente,6.02
1752,2025-08-20,presente,8.62
1537,2026-03-31,vacaciones ,4.09
1761,2024-09-29,Ausente,9.87
1414,2024-08-19,TARDE,4.02
1397,2024-10-30,presente,5.75
1199,2025-11-14,Vacaciones,7.99
1506,2024-12-02,Ausente,6.78
1572,2025-05-12,ausente,3.54
1007,2025-04-23,Vacaciones,7.61
1050,2024-11-27,Tarde,11.59
1763,2026-03-15,ausente,9.87
1820,2025-12-08,presente,5.59
1250,2026-05-14,Presente,9.28
1102,2025-08-24,Tarde,0.3
1617,2026-05-03,Vacaciones,4.05
1247,2025-03-10,TARDE,0.66
1836,2026-06-16,Tarde,7.66
1618,2024-08-24,ausente,0.98
1698,2025-05-17,Tarde,0.94
1881,2024-07-08,vacaciones ,2.05
1040,2025-04-19,Tarde,10.16
1136,2024-08-02,Vacaciones,1.36
1167,2024-11-29,vacaciones ,11.09
1471,2026-04-11,vacaciones ,6.64
1607,2025-03-16,Tarde,1.62
1449,2025-06-11,ausente,10.86
1636,2024-07-31,Tarde,1.13
1547,2025-06-12,Vacaciones,7.12
1047,2025-04-18,Tarde,1.34
1186,2025-05-29,Presente,6.05
1257,2026-03-17,Presente,-1.09
1631,2026-03-09,TARDE,1.19
1817,2025-07-20,Tarde,5.23
1300,2024-11-07,Tarde,0.97
1304,2024-06-21,ausente,7.24
1619,2025-11-17,Tarde,10.45
1009,2024-07-08,ausente,2.64
1328,2024-11-04,presente,2.6
1275,2025-10-03,Vacaciones,-0.22
1398,2026-05-23,Presente,10.81
1453,2024-10-14,Vacaciones,4.11
1706,2026-04-24,presente,0.82
1226,2025-12-22,presente,-1.59
1733,2024-11-19,vacaciones ,9.04
1251,2024-07-09,TARDE,7.43
1188,2026-05-17,vacaciones ,11.9
1742,2024-11-06,Tarde,10.79
1504,2024-07-27,ausente,4.54
1223,2025-01-07,TARDE,11.15
1424,2026-05-24,Presente,11.37
1411,2026-04-08,Ausente,8.22
1028,2026-01-16,ausente,-1.95
1571,2026-01-02,Vacaciones,-1.27
1387,2026-04-07,Presente,2.69
1320,2025-03-23,Tarde,6.73
1815,2025-10-23,Ausente,-0.11
1294,2026-01-22,presente,8.19
1038,2024-08-02,ausente,9.08
1304,2024-07-01,Presente,-0.15
1507,2024-11-09,Ausente,-1.74
1663,2025-05-09,vacaciones ,4.63
1776,2025-09-10,Vacaciones,5.09
1438,2025-08-03,ausente,3.88
1380,2025-02-24,Presente,9.79
1440,2026-06-12,Tarde,-1.81
1040,2025-10-22,TARDE,7.89
1195,2026-01-01,Vacaciones,6.88
1812,2024-09-10,vacaciones ,10.36
1814,2026-05-16,Ausente,11.24
1746,2024-08-18,presente,1.96
1458,2026-01-23,Ausente,2.41
1497,2024-07-14,TARDE,-0.54
1222,2025-09-27,ausente,8.48
1858,2024-07-18,Ausente,9.79
1612,2025-05-17,presente,1.61
1723,2025-09-07,vacaciones ,-1.52
1757,2025-01-30,Vacaciones,9.39
1014,2026-03-01,Ausente,6.36
1819,2025-02-19,TARDE,0.0
1426,2024-07-03,vacaciones ,2.15
1130,2025-09-28,Tarde,8.43
1604,2026-03-28,Ausente,10.5
1103,2024-11-06,Tarde,-0.59
1735,2025-03-16,presente,7.25
1106,2026-06-19,Vacaciones,6.62
1575,2025-01-26,Vacaciones,1.19
1016,2025-04-06,Presente,7.8
1186,2025-09-27,ausente,4.12
1715,2025-02-13,Tarde,-0.08
1197,2024-09-29,Ausente,11.15
1307,2025-07-19,Tarde,9.57
1652,2024-12-19,Tarde,2.77
1732,2026-01-25,ausente,8.45
1712,2025-12-24,ausente,-1.1
1525,2024-07-05,Tarde,10.73
1131,2026-05-10,TARDE,4.3
1658,2024-11-17,ausente,-1.19
1673,2025-12-30,Ausente,-1.06
1534,2026-01-04,Presente,3.38
1078,2025-03-07,TARDE,7.77
1261,2024-11-05,Vacaciones,3.61
1478,2025-02-18,Ausente,3.48
1771,2025-09-15,Vacaciones,5.21
1703,2026-04-06,ausente,6.73
1580,2024-11-11,vacaciones ,0.7
1694,2024-06-19,TARDE,11.59
1876,2024-07-10,ausente,0.16
1404,2025-07-29,presente,-1.29
1556,2025-01-01,Presente,6.04
1144,2025-06-25,vacaciones ,-0.83
1410,2025-09-25,Tarde,-1.9
1428,2024-11-03,Vacaciones,2.99
1326,2025-05-04,ausente,7.58
1416,2026-04-17,Ausente,2.63
1681,2025-04-18,vacaciones ,2.51
1769,2025-02-01,Vacaciones,10.44
1360,2026-01-13,presente,11.88
1176,2025-02-23,Ausente,4.58
1281,2024-08-13,Presente,-1.9
1395,2025-11-14,ausente,2.73
1805,2025-07-14,vacaciones ,9.32
1876,2024-07-22,Tarde,2.08
1058,2026-04-28,Vacaciones,-1.0
1391,2025-05-20,Vacaciones,1.57
1109,2025-12-09,Tarde,0.45
1262,2025-06-14,Ausente,1.64
1788,2025-06-07,ausente,11.06
1005,2025-02-11,Tarde,9.22
1853,2026-02-06,TARDE,0.82
1416,2025-12-24,vacaciones ,-1.76
1794,2025-10-12,TARDE,9.71
1840,2024-12-31,ausente,10.14
1747,2024-08-10,presente,4.34
1251,2024-10-17,vacaciones ,0.72
1637,2026-02-09,Ausente,9.34
1274,2024-06-24,Tarde,10.83
1524,2025-08-20,vacaciones ,-1.15
1046,2025-11-19,Vacaciones,8.24
1553,2025-09-20,TARDE,-1.57
1623,2026-03-18,Ausente,8.45
1217,2026-06-10,Ausente,7.35
1012,2025-09-19,vacaciones ,6.93
1843,2025-01-08,ausente,6.35
1888,2024-07-17,ausente,-0.11
1279,2024-09-23,Vacaciones,11.86
1568,2026-02-07,Ausente,-0.47
1371,2026-04-23,vacaciones ,6.53
1539,2026-04-03,Presente,2.18
1043,2025-09-26,ausente,0.87
1771,2026-04-16,vacaciones ,8.53
1503,2025-01-11,Ausente,11.83
1014,2024-06-29,Vacaciones,4.98
1654,2026-05-17,TARDE,6.02
1693,2025-10-05,Presente,10.44
1598,2024-07-11,Presente,-0.04
1442,2026-01-24,Presente,0.36
1631,2025-03-23,Ausente,1.78
1666,2025-01-11,Presente,9.22
1092,2026-01-08,Vacaciones,10.76
1614,2026-01-28,Tarde,2.65
1287,2025-02-21,Presente,4.56
1864,2024-12-03,Ausente,0.15
1232,2024-07-15,presente,5.89
1450,2025-01-19,ausente,4.6
1545,2026-06-13,vacaciones ,4.44
1624,2025-01-16,Vacaciones,11.38
1116,2025-03-29,Ausente,-1.07
1435,2025-10-27,Ausente,11.91
1703,2024-09-13,Tarde,0.82
1512,2025-08-13,Tarde,9.75
1327,2025-07-03,vacaciones ,7.75
1825,2026-01-29,Ausente,-0.52
1430,2024-09-23,Tarde,1.43
1784,2025-10-20,TARDE,0.36
1439,2025-05-18,Presente,8.32
1369,2024-12-22,vacaciones ,8.03
1774,2026-02-26,Ausente,0.32
1430,2026-02-01,ausente,2.1
1528,2025-10-04,TARDE,-0.62
1454,2024-12-19,TARDE,7.8
1393,2024-08-21,vacaciones ,0.55
1604,2026-03-21,TARDE,7.2
1657,2024-10-28,presente,3.2
1831,2025-04-17,presente,4.56
1512,2025-06-06,Tarde,2.13
1150,2026-05-20,vacaciones ,9.53
1841,2026-05-12,Vacaciones,5.88
1424,2026-03-18,Presente,11.07
1156,2025-07-27,TARDE,-0.13
1742,2024-09-26,Tarde,1.08
1485,2025-12-07,presente,4.3
1514,2025-06-08,Presente,11.73
1175,2024-12-13,TARDE,4.6
1847,2025-09-17,Presente,-1.5
1832,2025-04-19,vacaciones ,2.43
1279,2025-07-03,ausente,-1.22
1565,2024-12-13,Ausente,9.34
1457,2024-09-20,Vacaciones,7.85
1072,2025-12-17,ausente,3.89
1321,2025-04-07,Vacaciones,0.84
1537,2025-08-26,presente,11.84
1899,2025-11-07,Presente,9.8
1766,2024-09-18,TARDE,4.48
1067,2026-06-11,Vacaciones,6.16
1328,2024-12-26,ausente,6.44
1571,2025-10-15,Ausente,3.17
1623,2025-03-02,vacaciones ,0.35
1846,2025-09-14,TARDE,5.08
1563,2025-11-04,ausente,3.75
1537,2025-01-12,Presente,10.06
1017,2026-04-25,ausente,3.58
1154,2025-07-08,TARDE,6.31
1697,2025-12-17,presente,0.53
1646,2026-05-12,Presente,6.85
1341,2025-06-02,presente,5.66
1826,2025-03-16,presente,0.17
1580,2025-03-14,vacaciones ,9.86
1802,2025-04-07,presente,5.15
1137,2026-05-14,Presente,7.08
1500,2024-07-11,Presente,10.82
1397,2025-05-18,Presente,10.22
1048,2026-04-03,ausente,6.21
1224,2026-04-24,ausente,8.91
1603,2025-09-09,Tarde,3.43
1621,2025-03-04,TARDE,1.13
1723,2024-09-25,vacaciones ,7.26
1622,2026-02-18,ausente,10.9
1248,2025-11-02,Vacaciones,-1.38
1502,2025-07-31,Vacaciones,4.44
1628,2024-10-01,vacaciones ,10.07
1801,2025-10-15,TARDE,11.95
1195,2025-09-22,Vacaciones,2.96
1456,2024-12-03,Presente,9.21
1452,2026-04-22,TARDE,8.36
1784,2025-10-01,Tarde,9.76
1673,2026-05-01,TARDE,-0.6
1337,2025-12-19,Vacaciones,6.85
1697,2025-12-16,Vacaciones,4.16
1033,2024-11-07,Vacaciones,-0.22
1095,2026-05-26,ausente,6.65
1691,2026-01-22,TARDE,5.23
1727,2024-11-10,Ausente,1.69
1318,2025-11-05,Vacaciones,11.75
1550,2024-08-11,TARDE,-0.53
1078,2025-05-04,Ausente,-1.11
1494,2024-06-25,Presente,7.12
1718,2024-08-25,presente,8.54
1232,2025-06-26,Vacaciones,9.91
1203,2026-04-27,vacaciones ,5.5
1454,2025-05-31,presente,2.54
1768,2026-02-10,vacaciones ,9.47
1795,2026-01-21,presente,8.41
1596,2025-07-15,ausente,10.3
1461,2025-09-02,ausente,5.53
1894,2025-02-10,Tarde,1.25
1309,2025-01-26,Ausente,3.0
1524,2026-04-10,Ausente,1.69
1484,2025-11-01,Ausente,-1.65
1779,2026-03-15,TARDE,9.47
1433,2024-11-05,vacaciones ,11.35
1833,2026-02-06,Presente,-1.07
1223,2025-06-11,Tarde,6.58
1491,2026-01-27,TARDE,8.62
1518,2026-03-27,TARDE,10.16
1363,2024-09-17,ausente,3.12
1723,2024-12-14,Tarde,6.42
1720,2026-06-14,Tarde,7.28
1239,2024-12-10,presente,5.13
1572,2024-10-09,TARDE,7.95
1139,2024-12-31,presente,2.64
1377,2024-10-03,Ausente,7.0
1841,2024-06-23,TARDE,1.17
1307,2026-01-23,presente,3.26
1754,2025-01-25,Vacaciones,-1.03
1355,2025-12-17,Ausente,5.53
1597,2025-11-24,vacaciones ,9.16
1024,2024-09-30,ausente,10.75
1307,2024-10-11,Ausente,9.13
1866,2025-11-22,ausente,7.93
1398,2025-12-07,Tarde,8.18
1353,2025-09-13,Vacaciones,5.63
1665,2025-05-06,presente,10.9
1498,2025-08-04,Ausente,8.37
1624,2026-04-26,presente,3.95
1452,2024-09-12,Presente,2.71
1165,2024-07-18,Tarde,-0.92
1680,2025-11-07,presente,3.66
1565,2025-03-04,presente,7.04
1293,2024-06-25,presente,1.19
1781,2025-01-26,Ausente,9.73
1683,2026-03-01,ausente,3.41
1059,2024-12-16,Ausente,9.44
1208,2025-12-13,ausente,9.35
1294,2024-07-06,Presente,8.3
1131,2025-11-05,Tarde,5.5
1295,2025-08-20,TARDE,11.6
1789,2024-12-07,Presente,9.37
1434,2024-08-13,Vacaciones,11.57
1767,2026-02-22,Presente,6.05
1661,2024-08-11,vacaciones ,7.9
1191,2025-09-23,presente,5.81
1193,2024-08-13,vacaciones ,3.28
1470,2025-08-16,presente,6.4
1386,2025-01-22,vacaciones ,3.79
1079,2024-07-06,Presente,-0.05
1320,2025-07-14,vacaciones ,10.81
1284,2026-04-07,Tarde,9.36
1032,2025-11-17,Tarde,9.11
1858,2024-09-20,Tarde,-0.13
1715,2026-06-12,TARDE,1.76
1602,2025-05-02,Presente,-0.99
1213,2026-01-06,ausente,11.61
1567,2025-03-07,TARDE,10.48
1499,2025-06-21,Vacaciones,6.64
1016,2026-04-16,presente,4.64
1463,2024-12-03,presente,2.58
1650,2026-03-07,Ausente,1.87
1413,2024-12-20,presente,1.84
1027,2026-01-22,Tarde,0.96
1795,2024-12-30,Vacaciones,-1.12
1311,2026-04-02,vacaciones ,10.71
1444,2024-11-09,Ausente,-0.04
1828,2025-03-07,vacaciones ,9.39
1112,2026-01-20,vacaciones ,1.45
1769,2024-10-24,Tarde,3.31
1068,2025-03-08,Vacaciones,8.29
1658,2025-04-21,vacaciones ,10.51
1648,2026-01-16,Vacaciones,2.98
1776,2024-07-10,Tarde,6.95
1497,2025-10-12,ausente,3.26
1269,2026-01-24,presente,2.18
1046,2024-09-16,Presente,1.03
1878,2026-02-04,Vacaciones,-1.97
1183,2025-09-13,Vacaciones,2.81
1746,2026-01-23,TARDE,9.64
1800,2025-10-28,Ausente,8.91
1699,2025-08-20,Ausente,10.25
1408,2025-03-25,ausente,-0.03
1546,2025-09-10,TARDE,6.02
1307,2024-09-15,ausente,8.57
1239,2026-02-13,presente,1.54
1369,2025-12-16,Ausente,3.29
1756,2024-08-24,presente,3.23
1493,2025-03-02,Ausente,6.12
1202,2025-02-10,Tarde,3.01
1117,2024-07-31,Ausente,7.75
1602,2026-05-07,ausente,5.36
1477,2025-06-19,Vacaciones,0.99
1137,2024-07-08,Presente,2.05
1597,2025-02-12,Vacaciones,2.0
1451,2025-04-04,ausente,7.11
1435,2024-09-11,presente,5.19
1053,2025-10-29,Vacaciones,5.03
1061,2026-05-17,presente,8.12
1548,2024-06-22,ausente,11.51
1087,2026-02-01,Ausente,0.89
1086,2025-09-19,Vacaciones,-0.71
1066,2024-11-27,Ausente,1.2
1492,2024-09-20,vacaciones ,0.39
1106,2025-09-24,Presente,4.8
1561,2025-01-13,presente,5.68
1099,2025-09-23,Presente,6.61
1415,2024-11-03,Vacaciones,3.93
1131,2024-11-06,Vacaciones,8.65
1859,2025-10-24,Presente,3.69
1561,2025-06-19,Presente,-0.0
1438,2025-03-27,TARDE,1.42
1828,2024-12-19,presente,3.21
1269,2025-03-27,Tarde,7.89
1200,2024-12-13,Presente,3.66
1054,2025-12-10,Tarde,0.73
1189,2024-12-20,vacaciones ,10.24
1662,2024-10-13,Vacaciones,10.74
1019,2024-12-27,Vacaciones,10.82
1141,2024-12-12,Tarde,2.04
1097,2026-02-22,presente,2.05
1157,2026-01-20,Presente,3.65
1491,2025-03-26,Presente,-0.56
1077,2025-01-13,Ausente,2.48
1602,2025-04-10,Tarde,-1.73
1880,2024-07-26,vacaciones ,3.94
1255,2025-07-15,TARDE,9.88
1531,2025-04-21,Tarde,-0.2
1873,2024-09-18,Tarde,1.89
1032,2025-02-26,Vacaciones,1.25
1601,2025-12-07,Tarde,0.58
1180,2025-06-21,Presente,3.21
1143,2024-11-06,Presente,-0.66
1679,2025-11-23,Presente,9.9
1116,2026-05-10,TARDE,1.58
1314,2025-04-06,TARDE,1.13
1103,2026-01-09,TARDE,1.19
1178,2025-08-19,Vacaciones,0.54
1387,2025-08-09,presente,9.15
1162,2025-03-23,TARDE,8.26
1260,2025-07-23,Vacaciones,9.65
1421,2025-08-05,Ausente,2.67
1221,2024-08-17,Ausente,0.6
1409,2025-03-30,Ausente,8.82
1305,2025-04-08,ausente,3.99
1005,2025-07-10,Tarde,1.69
1524,2026-02-02,vacaciones ,4.01
1274,2026-01-01,Tarde,8.44
1747,2024-11-04,Vacaciones,1.47
1768,2025-07-31,ausente,6.91
1484,2026-05-25,TARDE,1.87
1586,2024-07-16,Vacaciones,0.48
1483,2026-01-11,TARDE,2.99
1854,2024-10-12,presente,2.68
1181,2026-01-04,vacaciones ,11.75
1413,2024-11-10,Vacaciones,9.4
1576,2024-10-08,presente,1.75
1782,2025-04-08,vacaciones ,11.45
1378,2025-07-02,TARDE,10.21
1523,2025-12-23,Presente,6.67
1426,2026-04-13,vacaciones ,2.2
1272,2026-01-06,ausente,8.96
1378,2024-12-14,TARDE,1.49
1869,2026-06-12,Vacaciones,0.23
1899,2026-01-02,ausente,8.88
1277,2025-10-07,vacaciones ,4.08
1325,2024-08-21,TARDE,2.73
1574,2024-07-18,vacaciones ,-0.22
1649,2025-09-30,Vacaciones,8.47
1157,2026-02-17,Ausente,0.84
1724,2025-03-21,vacaciones ,4.91
1606,2025-02-13,Tarde,2.17
1346,2024-12-17,ausente,-0.85
1656,2026-01-18,ausente,10.09
1714,2025-01-16,vacaciones ,11.31
1762,2024-09-21,TARDE,2.54
1217,2025-08-03,Ausente,3.75
1336,2024-09-23,vacaciones ,1.45
1591,2024-08-23,Presente,3.78
1103,2025-03-30,vacaciones ,8.23
1150,2025-09-25,Ausente,5.92
1604,2024-08-09,TARDE,6.62
1770,2024-09-03,presente,3.81
1362,2025-12-08,TARDE,7.43
1512,2025-05-23,presente,-0.58
1800,2026-05-21,TARDE,7.72
1090,2025-10-19,Presente,1.43
1509,2025-04-06,TARDE,4.64
1388,2024-09-10,Presente,4.6
1170,2025-01-15,Presente,11.2
1280,2024-12-27,vacaciones ,9.4
1567,2025-05-15,Presente,5.78
1143,2026-06-19,vacaciones ,8.25
1587,2025-03-20,TARDE,-0.35
1125,2024-09-17,Ausente,3.58
1201,2024-11-11,Ausente,8.96
1452,2025-12-04,vacaciones ,0.58
1657,2026-03-27,Ausente,9.74
1766,2025-05-18,Tarde,3.44
1719,2025-10-21,Ausente,2.82
1415,2025-05-27,TARDE,10.84
1195,2025-08-07,presente,4.44
1766,2024-10-30,Ausente,-1.84
1404,2025-08-13,Ausente,5.08
1680,2025-12-13,presente,11.91
1112,2026-06-11,Tarde,6.99
1719,2026-03-06,vacaciones ,8.06
1580,2026-02-08,ausente,-0.76
1419,2025-04-09,ausente,11.85
1026,2025-10-02,vacaciones ,7.55
1563,2026-06-16,TARDE,1.06
1225,2024-07-09,presente,-1.54
1398,2026-06-11,presente,0.38
1804,2025-11-14,Presente,-0.41
1794,2026-03-02,TARDE,5.95
1278,2025-03-26,Presente,8.66
1083,2026-05-23,TARDE,1.17
1278,2024-11-16,Ausente,1.02
1681,2025-09-26,vacaciones ,9.67
1672,2024-11-12,TARDE,11.4
1280,2024-11-30,presente,1.94
1845,2026-06-11,Ausente,-0.76
1063,2025-06-16,presente,10.11
1505,2025-01-03,TARDE,-1.47
1257,2025-06-22,presente,-0.55
1010,2024-07-17,Ausente,6.1
1727,2025-02-09,presente,8.8
1048,2024-08-15,Ausente,7.19
1165,2025-03-18,Presente,0.11
1575,2026-02-03,vacaciones ,9.95
1121,2025-08-30,vacaciones ,10.82
1033,2026-05-11,presente,10.27
1616,2025-05-19,Presente,1.45
1147,2025-10-16,presente,11.37
1788,2026-04-08,TARDE,1.61
1760,2026-04-01,Vacaciones,2.23
1267,2025-03-11,Tarde,11.95
1214,2025-09-12,Vacaciones,0.76
1435,2025-01-13,Presente,7.74
1579,2025-11-22,presente,4.8
1605,2024-12-29,presente,0.88
1556,2026-04-17,vacaciones ,-1.18
1331,2025-10-04,ausente,-0.62
1718,2025-07-08,presente,9.07
1118,2025-07-29,TARDE,10.28
1801,2025-09-12,presente,6.16
1316,2025-10-25,Presente,11.95
1310,2024-07-29,ausente,7.37
1004,2026-03-02,Tarde,11.59
1533,2025-10-14,presente,2.05
1122,2026-06-03,Tarde,9.77
1470,2025-10-29,Ausente,2.44
1496,2024-09-07,presente,8.82
1622,2024-07-17,TARDE,11.58
1487,2024-08-26,Vacaciones,4.87
1301,2025-08-01,vacaciones ,0.63
1073,2024-12-11,TARDE,5.76
1081,2025-06-30,Presente,10.85
1511,2024-07-19,Ausente,6.61
1113,2024-09-26,vacaciones ,-0.29
1591,2025-12-31,Ausente,0.37
1656,2024-07-23,Tarde,-0.33
1290,2024-11-27,Presente,-0.93
1243,2025-01-26,presente,10.88
1223,2024-08-02,Vacaciones,-1.28
1611,2025-07-04,vacaciones ,11.52
1189,2025-09-16,vacaciones ,-1.07
1561,2025-08-30,Ausente,9.4
1345,2024-12-21,Tarde,11.98
1179,2025-04-18,ausente,8.35
1076,2025-03-21,Presente,-0.05
1372,2025-05-08,Ausente,4.81
1828,2025-01-03,presente,11.08
1477,2025-02-26,Ausente,5.29
1367,2025-04-29,vacaciones ,3.47
1289,2024-07-01,TARDE,11.74
1031,2025-09-08,Vacaciones,-0.52
1643,2026-06-07,Vacaciones,4.06
1356,2026-05-12,vacaciones ,0.91
1372,2025-03-26,Ausente,10.41
1872,2025-02-02,Tarde,4.28
1741,2025-01-10,presente,4.38
1399,2025-05-10,vacaciones ,-0.13
1669,2026-03-05,Vacaciones,3.67
1026,2025-04-13,Ausente,3.36
1008,2025-08-19,ausente,-1.68
1043,2026-02-14,presente,2.12
1669,2025-08-16,Ausente,-0.44
1227,2025-06-18,Presente,11.82
1387,2024-11-11,vacaciones ,10.06
1266,2025-07-19,Presente,9.02
1524,2024-07-05,ausente,8.89
1105,2026-05-22,Presente,-1.95
1653,2025-09-01,vacaciones ,3.73
1613,2026-02-19,Presente,7.41
1823,2025-07-12,presente,4.8
1549,2026-02-18,Tarde,-1.89
1417,2026-02-13,Tarde,0.69
1737,2025-09-10,presente,-0.3
1891,2025-04-12,Tarde,-0.04
1146,2025-02-22,Tarde,0.53
1569,2026-06-04,Tarde,1.97
1548,2026-06-15,Ausente,4.59
1887,2025-08-03,Tarde,5.36
1366,2026-01-22,Ausente,-1.55
1279,2025-08-06,presente,-1.45
1769,2024-11-18,Ausente,4.33
1821,2025-06-05,presente,1.19
1800,2025-10-29,presente,7.86
1252,2025-10-21,Vacaciones,7.34
1845,2024-12-21,Vacaciones,0.72
1798,2025-03-05,ausente,10.99
1168,2026-04-17,Tarde,10.93
1007,2025-02-22,vacaciones ,2.05
1654,2024-11-22,Vacaciones,11.39
1569,2026-01-15,Presente,6.38
1475,2025-07-20,TARDE,-1.59
1553,2025-06-11,Presente,9.92
1024,2024-09-22,Ausente,-0.57
1294,2024-07-31,Vacaciones,1.4
1079,2024-10-22,Vacaciones,10.2
1129,2026-04-10,presente,11.02
1268,2025-05-22,Ausente,4.57
1419,2024-11-01,ausente,2.03
1643,2025-01-21,Tarde,5.71
1179,2025-04-14,presente,6.98
1690,2024-08-03,TARDE,-1.68
1227,2025-05-10,Vacaciones,4.97
1572,2025-10-18,Presente,7.43
1232,2026-02-07,ausente,5.82
1791,2024-12-27,presente,7.35
1099,2025-01-05,TARDE,9.53
1635,2024-07-17,ausente,1.51
1245,2025-08-13,vacaciones ,6.35
1014,2025-10-16,Vacaciones,9.4
1565,2026-02-27,Vacaciones,11.41
1504,2025-08-21,Vacaciones,6.29
1313,2025-07-12,Presente,5.63
1284,2026-05-21,Tarde,6.06
1754,2025-06-10,Presente,9.68
1617,2025-09-06,vacaciones ,5.93
1050,2025-03-26,Ausente,3.03
1156,2025-12-04,vacaciones ,-1.79
1068,2024-10-09,Presente,3.44
1430,2025-02-11,ausente,1.37
1463,2025-09-02,Ausente,3.2
1044,2024-07-18,presente,3.59
1147,2025-06-19,ausente,3.8
1228,2025-10-08,vacaciones ,7.29
1070,2024-10-02,Ausente,6.23
1565,2024-10-28,Presente,-0.04
1225,2025-02-08,Presente,5.17
1199,2025-02-05,ausente,8.12
1630,2025-02-02,Tarde,6.96
1869,2026-03-08,vacaciones ,2.14
1308,2025-06-09,ausente,8.83
1510,2025-05-30,Tarde,2.52
1897,2025-07-04,Presente,5.44
1691,2026-01-31,Tarde,1.37
1144,2025-12-23,Ausente,0.44
1308,2026-05-06,Presente,8.74
1280,2024-12-19,presente,4.36
1129,2026-04-25,Ausente,-0.45
1338,2025-03-31,Vacaciones,1.45
1894,2026-02-13,vacaciones ,6.4
1335,2026-05-23,Vacaciones,2.41
1288,2025-12-15,Presente,3.38
1854,2025-11-25,ausente,5.88
1387,2025-04-13,Presente,0.27
1168,2026-02-09,Vacaciones,4.33
1244,2025-10-13,TARDE,1.1
1147,2026-06-13,Vacaciones,7.46
1298,2026-06-02,Vacaciones,0.54
1227,2025-06-03,presente,2.51
1550,2024-07-28,Tarde,5.36
1231,2026-04-07,Presente,1.91
1848,2024-12-14,Tarde,6.47
1401,2026-05-01,Tarde,10.67
1706,2025-06-08,presente,4.2
1101,2026-03-04,ausente,2.14
1160,2025-10-28,Tarde,9.61
1027,2024-08-24,Ausente,-0.78
1475,2025-05-10,Tarde,10.67
1367,2025-05-11,TARDE,6.26
1415,2025-11-06,vacaciones ,6.46
1486,2025-03-23,Presente,3.55
1129,2024-12-29,Vacaciones,8.52
1220,2025-04-14,presente,9.75
1600,2025-02-18,Tarde,5.0
1309,2024-06-24,Vacaciones,-1.89
1154,2025-10-23,Presente,3.85
1687,2024-12-08,Presente,-0.51
1245,2025-03-06,TARDE,0.96
1633,2024-12-26,TARDE,4.85
1498,2024-09-11,presente,6.45
1002,2025-06-26,Presente,7.05
1188,2026-03-25,Vacaciones,4.02
1385,2025-07-01,Tarde,0.58
1348,2026-05-14,vacaciones ,8.02
1693,2026-01-09,Ausente,7.8
1065,2026-06-18,Vacaciones,2.95
1614,2025-02-01,Ausente,-1.97
1460,2025-07-21,Tarde,1.18
1292,2025-10-31,Vacaciones,8.18
1222,2025-02-01,Tarde,8.4
1084,2025-04-30,vacaciones ,7.11
1479,2024-07-01,ausente,10.82
1547,2026-05-29,presente,1.99
1385,2025-08-06,Ausente,4.18
1294,2025-11-02,TARDE,4.22
1801,2026-03-28,presente,6.61
1775,2025-01-12,Vacaciones,0.74
1629,2026-01-23,presente,10.88
1686,2026-04-16,ausente,11.64
1438,2025-04-11,vacaciones ,7.96
1348,2025-07-05,Presente,2.82
1674,2026-04-17,ausente,7.07
1777,2026-06-10,vacaciones ,-1.06
1027,2025-08-20,Tarde,5.75
1841,2026-05-09,Vacaciones,4.68
1056,2026-03-26,vacaciones ,7.27
1816,2024-12-03,Presente,0.18
1251,2026-03-01,presente,7.45
1400,2024-08-31,ausente,6.76
1696,2025-06-26,ausente,-1.66
1644,2026-04-15,ausente,6.86
1209,2024-09-05,Vacaciones,1.45
1154,2025-04-30,TARDE,7.58
1126,2025-02-24,Vacaciones,6.2
1073,2025-09-13,Tarde,3.3
1651,2025-11-06,Ausente,7.06
1376,2024-06-22,vacaciones ,1.09
1509,2025-01-24,presente,-0.84
1866,2026-04-26,Tarde,6.49
1197,2024-09-11,Presente,-1.44
1764,2024-06-24,TARDE,4.35
1344,2025-10-03,TARDE,5.98
1550,2025-11-27,Tarde,10.23
